DUTY : 400,524.2386,30.83672832,950.9038133,"DUTY : 400 
(SELECTED DATA)",550.0183,5.72,32.765034605626,,,Observation,x-mean,(x-mean)^2,,DUTY : 500,713.31024,12.73123068,162.0842346,"DUTY : 500
(SELECTED DATA)",713.3179,8.599367,73.95,,,,Observation,x-mean,(x-mean)^2
,515.6479,22.24602832,494.8857759,,532.8369,-11.46,131.270296155622,,SUM,580240.6011,-1.99999E-05,832593.6418,,,713.31024,12.73123068,162.0842346,,713.3179,8.599367,73.95,,,SUM,494608.7806,-6.9997E-10,256754.7622
,515.6479,22.24602832,494.8857759,,532.8369,-11.46,131.270296155622,,COUNT (N),1176,,1176,,,704.71954,4.14053068,17.14399431,,687.5305,-17.188033,295.43,,,COUNT (N),706,,706
,532.8369,39.43502832,1555.121458,,532.8369,-11.46,131.270296155622,,AVERAGE (MEAN),493.4018717,,,,,713.31024,12.73123068,162.0842346,,721.8933,17.174767,294.97,,,AVERAGE (MEAN),700.5790093,,364.191152
,532.8331,39.43122832,1554.821767,,541.4276,-2.87,8.217538890624,,VARIANCE (s^2),,,708.5903334,,,713.3179,12.73889068,162.2793358,,704.7272,0.008667,0.00,,,VARIANCE (s^2),,,
,524.24243,30.84055832,951.1400373,,532.8369,-11.46,131.270296155622,,Standard Deviation (s),,,,,,704.71954,4.14053068,17.14399431,,696.1212,-8.597333,73.91,,,Standard Deviation (s),,,
,524.24243,30.84055832,951.1400373,,532.8369,-11.46,131.270296155622,,,,,,,,713.31024,12.73123068,162.0842346,,713.3179,8.599367,73.95,,,,,,
,524.2386,30.83672832,950.9038133,,550.0183,5.72,32.765034605626,,,Observation,x-mean,(x-mean)^2,,,704.71954,4.14053068,17.14399431,,713.3026,8.584067,73.69,,,,,,
,532.8369,39.43502832,1555.121458,,550.02594,5.73,32.852556841226,,SUM,16328.82675,,2855.834373409340,,,687.5229,-13.05610932,170.4619906,,704.7272,0.008667,0.00,,,SUM,21141.55599,,4725.310145673430
,532.8369,39.43502832,1555.121458,,550.02594,5.73,32.852556841226,,COUNT (N),30,,30,,,696.12885,-4.45015932,19.80391797,,730.49927,25.780737,664.65,,,COUNT (N),30,,30
,524.2386,30.83672832,950.9038133,,550.0183,5.72,32.765034605626,,AVERAGE (MEAN),544.294225,,,,,704.7119,4.13289068,17.08078537,,721.8933,17.174767,294.97,,,AVERAGE (MEAN),704.718533,,162.9417292
,532.8369,39.43502832,1555.121458,,558.61664,14.32,205.131571432228,,VARIANCE (s^2),,,98.47704736,,,704.71954,4.14053068,17.14399431,,704.7272,0.008667,0.00,,,VARIANCE (s^2),,,
,532.8369,39.43502832,1555.121458,,558.62427,14.33,205.350189702029,,Standard Deviation (s),,,,,,696.12885,-4.45015932,19.80391797,,704.7119,-0.006633,0.00,,,Standard Deviation (s),,,
,524.2386,30.83672832,950.9038133,,550.0183,5.72,32.765034605626,,,,,,,,721.90094,21.32193068,454.6247279,,696.1365,-8.582033,73.65,,,,,,
,532.8369,39.43502832,1555.121458,,541.43524,-2.86,8.173795230224,,,,,,,,704.71954,4.14053068,17.14399431,,687.5305,-17.188033,295.43,,,,,,
,524.2386,30.83672832,950.9038133,,532.8293,-11.46,131.444505255622,,,,,,,,721.90857,21.32956068,454.9501588,,696.10596,-8.612573,74.18,,,,,,
,532.8369,39.43502832,1555.121458,,541.43524,-2.86,8.173795230224,,DUTY : 400 (1176 SAMPLE),,,,,,721.90094,21.32193068,454.6247279,,696.1365,-8.582033,73.65,,,DUTY : 500 (1176 SAMPLE),,,
,532.8369,39.43502832,1555.121458,,524.2386,-20.06,402.228094140619,,,,,,,,721.90857,21.32956068,454.9501588,,704.7119,-0.006633,0.00,,,,,,
,524.2386,30.83672832,950.9038133,,532.8369,-11.46,131.270296155622,,,,,,,,721.90857,21.32956068,454.9501588,,713.3179,8.599367,73.95,,,,,,
,524.2462,30.84432832,951.3725893,,532.8369,-11.46,131.270296155622,,,,,,,,721.90094,21.32193068,454.6247279,,696.10596,-8.612573,74.18,,,,,,
,524.2386,30.83672832,950.9038133,,558.61664,14.32,205.131571432228,,,,,,,,713.3179,12.73889068,162.2793358,,713.3179,8.599367,73.95,,,,,,
,541.4276,48.02572832,2306.47058,,550.02594,5.73,32.852556841226,,,,,,,,713.31024,12.73123068,162.0842346,,713.3179,8.599367,73.95,,,,,,
,524.2462,30.84432832,951.3725893,,541.4276,-2.87,8.217538890624,,,,,,,,713.31024,12.73123068,162.0842346,,713.3179,8.599367,73.95,,,,,,
,532.8293,39.42742832,1554.522104,,541.4276,-2.87,8.217538890624,,,,,,,,704.71954,4.14053068,17.14399431,,721.8933,17.174767,294.97,,,,,,
,550.02594,56.62406832,3206.285113,,550.02594,5.73,32.852556841226,,,,,,,,713.31024,12.73123068,162.0842346,,687.5305,-17.188033,295.43,,,,,,
,550.02594,56.62406832,3206.285113,,541.4276,-2.87,8.217538890624,,,,,,,,713.31024,12.73123068,162.0842346,,687.5305,-17.188033,295.43,,,,,,
,550.02594,56.62406832,3206.285113,,550.02594,5.73,32.852556841226,,,,,,,,721.90857,21.32956068,454.9501588,,678.9551,-25.763433,663.75,,,,,,
,541.4276,48.02572832,2306.47058,,558.61664,14.32,205.131571432228,,,,,,,,713.31024,12.73123068,162.0842346,,687.5305,-17.188033,295.43,,,,,,
,550.02594,56.62406832,3206.285113,,550.02594,5.73,32.852556841226,,,,,,,,747.6883,47.10929068,2219.285268,,704.7119,-0.006633,0.00,,,,,,
,550.0183,56.61642832,3205.419955,,558.61664,14.32,205.131571432228,,,,,,,,730.49927,29.92026068,895.2219992,,713.3179,8.599367,73.95,,,,,,
,532.8369,39.43502832,1555.121458,,,,,,,,,,,,739.0976,38.51859068,1483.681828,,,,,,,,,,
,532.8369,39.43502832,1555.121458,,,,,,,,,,,,739.0976,38.51859068,1483.681828,,,,,,,,,,
,532.8369,39.43502832,1555.121458,,,,,,"DUTY : 400 
(30 SAMPLE / SELECTED DATA)",,,,,,713.31024,12.73123068,162.0842346,,,,,,,"DUTY : 500 
(30 SAMPLE / SELECTED DATA)",,,
,541.4276,48.02572832,2306.47058,,,,,,,,,,,,730.49927,29.92026068,895.2219992,,,,,,,,,,
,532.8369,39.43502832,1555.121458,,,,,,,,,,,,721.90857,21.32956068,454.9501588,,,,,,,,,,
,532.8369,39.43502832,1555.121458,,,,,,,,,,,,721.90094,21.32193068,454.6247279,,,,,,,,,,
,550.0183,56.61642832,3205.419955,,,,,,,,,,,,713.31024,12.73123068,162.0842346,,,,,,,,,,
,550.02594,56.62406832,3206.285113,,,,,,,,,,,,721.90857,21.32956068,454.9501588,,,,,,,,,,
,550.02594,56.62406832,3206.285113,,,,,,,,,,,,721.90857,21.32956068,454.9501588,,,,,,,,,,
,550.0183,56.61642832,3205.419955,,,,,,,,,,,,730.49927,29.92026068,895.2219992,,,,,,,,,,
,558.61664,65.21476832,4252.966007,,,,,,,,,,,,739.08997,38.51096068,1483.094092,,,,,,,,,,
,558.62427,65.22239832,4253.961242,,,,,,,,,,,,747.6959,47.11689068,2220.001387,,,,,,,,,,
,550.0183,56.61642832,3205.419955,,,,,,,,,,,,730.49927,29.92026068,895.2219992,,,,,,,,,,
,541.43524,48.03336832,2307.204472,,,,,,,,,,,,747.6883,47.10929068,2219.285268,,,,,,,,,,
,532.8293,39.42742832,1554.522104,,,,,,,,,,,,739.08997,38.51096068,1483.094092,,,,,,,,,,
,541.43524,48.03336832,2307.204472,,,,,,,,,,,,713.31024,12.73123068,162.0842346,,,,,,,,,,
,524.2386,30.83672832,950.9038133,,,,,,,,,,,,739.0976,38.51859068,1483.681828,,,,,,,,,,
,532.8369,39.43502832,1555.121458,,,,,,,,,,,,721.90857,21.32956068,454.9501588,,,,,,,,,,
,532.8369,39.43502832,1555.121458,,,,,,,,,,,,721.90094,21.32193068,454.6247279,,,,,,,,,,
,558.61664,65.21476832,4252.966007,,,,,,,,,,,,730.5069,29.92789068,895.6786405,,,,,,,,,,
,550.02594,56.62406832,3206.285113,,,,,,,,,,,,730.49927,29.92026068,895.2219992,,,,,,,,,,
,541.4276,48.02572832,2306.47058,,,,,,,,,,,,739.08997,38.51096068,1483.094092,,,,,,,,,,
,541.4276,48.02572832,2306.47058,,,,,,,,,,,,747.6883,47.10929068,2219.285268,,,,,,,,,,
,550.02594,56.62406832,3206.285113,,,,,,,,,,,,747.6883,47.10929068,2219.285268,,,,,,,,,,
,541.4276,48.02572832,2306.47058,,,,,,,,,,,,739.0976,38.51859068,1483.681828,,,,,,,,,,
,550.02594,56.62406832,3206.285113,,,,,,,,,,,,721.90094,21.32193068,454.6247279,,,,,,,,,,
,558.61664,65.21476832,4252.966007,,,,,,,,,,,,730.5069,29.92789068,895.6786405,,,,,,,,,,
,550.02594,56.62406832,3206.285113,,,,,,,,,,,,721.90094,21.32193068,454.6247279,,,,,,,,,,
,558.61664,65.21476832,4252.966007,,,,,,,,,,,,730.49927,29.92026068,895.2219992,,,,,,,,,,
,550.0183,56.61642832,3205.419955,,,,,,,,,,,,721.90857,21.32956068,454.9501588,,,,,,,,,,
,532.8369,39.43502832,1555.121458,,,,,,,,,,,,730.49927,29.92026068,895.2219992,,,,,,,,,,
,541.4276,48.02572832,2306.47058,,,,,,,,,,,,721.90857,21.32956068,454.9501588,,,,,,,,,,
,515.6479,22.24602832,494.8857759,,,,,,,,,,,,730.49927,29.92026068,895.2219992,,,,,,,,,,
,524.2462,30.84432832,951.3725893,,,,,,,,,,,,747.6883,47.10929068,2219.285268,,,,,,,,,,
,532.8369,39.43502832,1555.121458,,,,,,,,,,,,747.6883,47.10929068,2219.285268,,,,,,,,,,
,550.0183,56.61642832,3205.419955,,,,,,,,,,,,756.2866,55.70759068,3103.335659,,,,,,,,,,
,550.02594,56.62406832,3206.285113,,,,,,,,,,,,721.90094,21.32193068,454.6247279,,,,,,,,,,
,541.4276,48.02572832,2306.47058,,,,,,,,,,,,713.31024,12.73123068,162.0842346,,,,,,,,,,
,532.8369,39.43502832,1555.121458,,,,,,,,,,,,696.12885,-4.45015932,19.80391797,,,,,,,,,,
,541.4276,48.02572832,2306.47058,,,,,,,,,,,,713.31024,12.73123068,162.0842346,,,,,,,,,,
,550.02594,56.62406832,3206.285113,,,,,,,,,,,,730.49927,29.92026068,895.2219992,,,,,,,,,,
,558.61664,65.21476832,4252.966007,,,,,,,,,,,,730.49927,29.92026068,895.2219992,,,,,,,,,,
,550.02594,56.62406832,3206.285113,,,,,,,,,,,,721.90857,21.32956068,454.9501588,,,,,,,,,,
,567.20734,73.80546832,5447.247153,,,,,,,,,,,,730.49927,29.92026068,895.2219992,,,,,,,,,,
,541.43524,48.03336832,2307.204472,,,,,,,,,,,,730.49927,29.92026068,895.2219992,,,,,,,,,,
,550.0183,56.61642832,3205.419955,,,,,,,,,,,,739.08997,38.51096068,1483.094092,,,,,,,,,,
,515.6479,22.24602832,494.8857759,,,,,,,,,,,,756.2866,55.70759068,3103.335659,,,,,,,,,,
,532.8369,39.43502832,1555.121458,,,,,,,,,,,,739.08997,38.51096068,1483.094092,,,,,,,,,,
,532.8369,39.43502832,1555.121458,,,,,,,,,,,,696.1365,-4.44250932,19.73588906,,,,,,,,,,
,524.2386,30.83672832,950.9038133,,,,,,,,,,,,721.8933,21.31429068,454.2989872,,,,,,,,,,
,541.43524,48.03336832,2307.204472,,,,,,,,,,,,721.90857,21.32956068,454.9501588,,,,,,,,,,
,541.4276,48.02572832,2306.47058,,,,,,,,,,,,713.3179,12.73889068,162.2793358,,,,,,,,,,
,558.61664,65.21476832,4252.966007,,,,,,,,,,,,730.49927,29.92026068,895.2219992,,,,,,,,,,
,541.4276,48.02572832,2306.47058,,,,,,,,,,,,730.49927,29.92026068,895.2219992,,,,,,,,,,
,550.02594,56.62406832,3206.285113,,,,,,,,,,,,730.49927,29.92026068,895.2219992,,,,,,,,,,
,541.4276,48.02572832,2306.47058,,,,,,,,,,,,721.90857,21.32956068,454.9501588,,,,,,,,,,
,550.02594,56.62406832,3206.285113,,,,,,,,,,,,730.49927,29.92026068,895.2219992,,,,,,,,,,
,550.02594,56.62406832,3206.285113,,,,,,,,,,,,713.3179,12.73889068,162.2793358,,,,,,,,,,
,532.8293,39.42742832,1554.522104,,,,,,,,,,,,730.49927,29.92026068,895.2219992,,,,,,,,,,
,550.02594,56.62406832,3206.285113,,,,,,,,,,,,730.49927,29.92026068,895.2219992,,,,,,,,,,
,541.4276,48.02572832,2306.47058,,,,,,,,,,,,704.7119,4.13289068,17.08078537,,,,,,,,,,
,541.43524,48.03336832,2307.204472,,,,,,,,,,,,704.7119,4.13289068,17.08078537,,,,,,,,,,
,524.2386,30.83672832,950.9038133,,,,,,,,,,,,713.3179,12.73889068,162.2793358,,,,,,,,,,
,524.2386,30.83672832,950.9038133,,,,,,,,,,,,696.1212,-4.45780932,19.87206393,,,,,,,,,,
,532.8369,39.43502832,1555.121458,,,,,,,,,,,,713.3179,12.73889068,162.2793358,,,,,,,,,,
,532.8369,39.43502832,1555.121458,,,,,,,,,,,,704.7119,4.13289068,17.08078537,,,,,,,,,,
,524.2386,30.83672832,950.9038133,,,,,,,,,,,,713.3179,12.73889068,162.2793358,,,,,,,,,,
,532.8369,39.43502832,1555.121458,,,,,,,,,,,,713.3026,12.72359068,161.8897598,,,,,,,,,,
,524.2386,30.83672832,950.9038133,,,,,,,,,,,,747.6959,47.11689068,2220.001387,,,,,,,,,,
,541.43524,48.03336832,2307.204472,,,,,,,,,,,,739.08997,38.51096068,1483.094092,,,,,,,,,,
,524.2386,30.83672832,950.9038133,,,,,,,,,,,,730.49927,29.92026068,895.2219992,,,,,,,,,,
,541.4276,48.02572832,2306.47058,,,,,,,,,,,,747.6959,47.11689068,2220.001387,,,,,,,,,,
,567.21497,73.81309832,5448.373483,,,,,,,,,,,,713.3026,12.72359068,161.8897598,,,,,,,,,,
,567.21497,73.81309832,5448.373483,,,,,,,,,,,,730.49927,29.92026068,895.2219992,,,,,,,,,,
,550.0183,56.61642832,3205.419955,,,,,,,,,,,,721.90857,21.32956068,454.9501588,,,,,,,,,,
,550.02594,56.62406832,3206.285113,,,,,,,,,,,,721.90857,21.32956068,454.9501588,,,,,,,,,,
,558.61664,65.21476832,4252.966007,,,,,,,,,,,,704.7272,4.14819068,17.20748592,,,,,,,,,,
,550.02594,56.62406832,3206.285113,,,,,,,,,,,,721.8933,21.31429068,454.2989872,,,,,,,,,,
,550.02594,56.62406832,3206.285113,,,,,,,,,,,,696.1365,-4.44250932,19.73588906,,,,,,,,,,
,541.4276,48.02572832,2306.47058,,,,,,,,,,,,721.8933,21.31429068,454.2989872,,,,,,,,,,
,550.0183,56.61642832,3205.419955,,,,,,,,,,,,721.90857,21.32956068,454.9501588,,,,,,,,,,
,541.43524,48.03336832,2307.204472,,,,,,,,,,,,721.90857,21.32956068,454.9501588,,,,,,,,,,
,532.8369,39.43502832,1555.121458,,,,,,,,,,,,721.90857,21.32956068,454.9501588,,,,,,,,,,
,541.4276,48.02572832,2306.47058,,,,,,,,,,,,739.08997,38.51096068,1483.094092,,,,,,,,,,
,550.0183,56.61642832,3205.419955,,,,,,,,,,,,730.49927,29.92026068,895.2219992,,,,,,,,,,
,541.43524,48.03336832,2307.204472,,,,,,,,,,,,713.3179,12.73889068,162.2793358,,,,,,,,,,
,532.8369,39.43502832,1555.121458,,,,,,,,,,,,730.49927,29.92026068,895.2219992,,,,,,,,,,
,541.4276,48.02572832,2306.47058,,,,,,,,,,,,704.7119,4.13289068,17.08078537,,,,,,,,,,
,550.02594,56.62406832,3206.285113,,,,,,,,,,,,713.3179,12.73889068,162.2793358,,,,,,,,,,
,541.4276,48.02572832,2306.47058,,,,,,,,,,,,713.3179,12.73889068,162.2793358,,,,,,,,,,
,541.4276,48.02572832,2306.47058,,,,,,,,,,,,704.7119,4.13289068,17.08078537,,,,,,,,,,
,541.4276,48.02572832,2306.47058,,,,,,,,,,,,713.3179,12.73889068,162.2793358,,,,,,,,,,
,550.02594,56.62406832,3206.285113,,,,,,,,,,,,730.49927,29.92026068,895.2219992,,,,,,,,,,
,550.02594,56.62406832,3206.285113,,,,,,,,,,,,713.3026,12.72359068,161.8897598,,,,,,,,,,
,541.4276,48.02572832,2306.47058,,,,,,,,,,,,730.49927,29.92026068,895.2219992,,,,,,,,,,
,550.02594,56.62406832,3206.285113,,,,,,,,,,,,739.1052,38.52619068,1484.267368,,,,,,,,,,
,541.4276,48.02572832,2306.47058,,,,,,,,,,,,739.08997,38.51096068,1483.094092,,,,,,,,,,
,541.4276,48.02572832,2306.47058,,,,,,,,,,,,730.49927,29.92026068,895.2219992,,,,,,,,,,
,515.6479,22.24602832,494.8857759,,,,,,,,,,,,739.08997,38.51096068,1483.094092,,,,,,,,,,
,532.8369,39.43502832,1555.121458,,,,,,,,,,,,713.3179,12.73889068,162.2793358,,,,,,,,,,
,532.8369,39.43502832,1555.121458,,,,,,,,,,,,704.7119,4.13289068,17.08078537,,,,,,,,,,
,524.2462,30.84432832,951.3725893,,,,,,,,,,,,721.90857,21.32956068,454.9501588,,,,,,,,,,
,524.23096,30.82908832,950.4326864,,,,,,,,,,,,704.7119,4.13289068,17.08078537,,,,,,,,,,
,532.8369,39.43502832,1555.121458,,,,,,,,,,,,713.3179,12.73889068,162.2793358,,,,,,,,,,
,532.8369,39.43502832,1555.121458,,,,,,,,,,,,713.3179,12.73889068,162.2793358,,,,,,,,,,
,532.8369,39.43502832,1555.121458,,,,,,,,,,,,730.49927,29.92026068,895.2219992,,,,,,,,,,
,541.4276,48.02572832,2306.47058,,,,,,,,,,,,713.3026,12.72359068,161.8897598,,,,,,,,,,
,541.4276,48.02572832,2306.47058,,,,,,,,,,,,739.1052,38.52619068,1484.267368,,,,,,,,,,
,541.4276,48.02572832,2306.47058,,,,,,,,,,,,730.49927,29.92026068,895.2219992,,,,,,,,,,
,532.8369,39.43502832,1555.121458,,,,,,,,,,,,730.49927,29.92026068,895.2219992,,,,,,,,,,
,541.4276,48.02572832,2306.47058,,,,,,,,,,,,721.90857,21.32956068,454.9501588,,,,,,,,,,
,515.6555,22.25362832,495.2239732,,,,,,,,,,,,713.3026,12.72359068,161.8897598,,,,,,,,,,
,532.8369,39.43502832,1555.121458,,,,,,,,,,,,713.3179,12.73889068,162.2793358,,,,,,,,,,
,532.8369,39.43502832,1555.121458,,,,,,,,,,,,704.7119,4.13289068,17.08078537,,,,,,,,,,
,515.64026,22.23838832,494.5459149,,,,,,,,,,,,713.3179,12.73889068,162.2793358,,,,,,,,,,
,524.2462,30.84432832,951.3725893,,,,,,,,,,,,696.1212,-4.45780932,19.87206393,,,,,,,,,,
,524.23096,30.82908832,950.4326864,,,,,,,,,,,,721.90857,21.32956068,454.9501588,,,,,,,,,,
,524.2462,30.84432832,951.3725893,,,,,,,,,,,,713.3026,12.72359068,161.8897598,,,,,,,,,,
,515.6555,22.25362832,495.2239732,,,,,,,,,,,,713.3179,12.73889068,162.2793358,,,,,,,,,,
,515.64026,22.23838832,494.5459149,,,,,,,,,,,,730.49927,29.92026068,895.2219992,,,,,,,,,,
,524.2462,30.84432832,951.3725893,,,,,,,,,,,,730.49927,29.92026068,895.2219992,,,,,,,,,,
,524.23096,30.82908832,950.4326864,,,,,,,,,,,,713.3179,12.73889068,162.2793358,,,,,,,,,,
,515.6555,22.25362832,495.2239732,,,,,,,,,,,,721.90857,21.32956068,454.9501588,,,,,,,,,,
,515.64026,22.23838832,494.5459149,,,,,,,,,,,,704.7119,4.13289068,17.08078537,,,,,,,,,,
,532.8369,39.43502832,1555.121458,,,,,,,,,,,,696.1212,-4.45780932,19.87206393,,,,,,,,,,
,532.8369,39.43502832,1555.121458,,,,,,,,,,,,704.7272,4.14819068,17.20748592,,,,,,,,,,
,524.2462,30.84432832,951.3725893,,,,,,,,,,,,704.7119,4.13289068,17.08078537,,,,,,,,,,
,515.64026,22.23838832,494.5459149,,,,,,,,,,,,713.3179,12.73889068,162.2793358,,,,,,,,,,
,524.2462,30.84432832,951.3725893,,,,,,,,,,,,696.1212,-4.45780932,19.87206393,,,,,,,,,,
,524.2462,30.84432832,951.3725893,,,,,,,,,,,,721.90857,21.32956068,454.9501588,,,,,,,,,,
,515.64026,22.23838832,494.5459149,,,,,,,,,,,,713.3026,12.72359068,161.8897598,,,,,,,,,,
,515.64026,22.23838832,494.5459149,,,,,,,,,,,,730.49927,29.92026068,895.2219992,,,,,,,,,,
,515.6555,22.25362832,495.2239732,,,,,,,,,,,,730.49927,29.92026068,895.2219992,,,,,,,,,,
,515.64026,22.23838832,494.5459149,,,,,,,,,,,,713.3179,12.73889068,162.2793358,,,,,,,,,,
,515.6555,22.25362832,495.2239732,,,,,,,,,,,,704.7119,4.13289068,17.08078537,,,,,,,,,,
,515.64026,22.23838832,494.5459149,,,,,,,,,,,,704.7272,4.14819068,17.20748592,,,,,,,,,,
,507.06482,13.66294832,186.6761567,,,,,,,,,,,,670.33386,-30.24514932,914.7690574,,,,,,,,,,
,515.64026,22.23838832,494.5459149,,,,,,,,,,,,696.1212,-4.45780932,19.87206393,,,,,,,,,,
,507.04956,13.64768832,186.2593964,,,,,,,,,,,,713.3179,12.73889068,162.2793358,,,,,,,,,,
,515.6555,22.25362832,495.2239732,,,,,,,,,,,,713.3179,12.73889068,162.2793358,,,,,,,,,,
,507.04956,13.64768832,186.2593964,,,,,,,,,,,,696.1212,-4.45780932,19.87206393,,,,,,,,,,
,515.64026,22.23838832,494.5459149,,,,,,,,,,,,713.3026,12.72359068,161.8897598,,,,,,,,,,
,524.2462,30.84432832,951.3725893,,,,,,,,,,,,721.90857,21.32956068,454.9501588,,,,,,,,,,
,524.2462,30.84432832,951.3725893,,,,,,,,,,,,730.49927,29.92026068,895.2219992,,,,,,,,,,
,507.04956,13.64768832,186.2593964,,,,,,,,,,,,730.49927,29.92026068,895.2219992,,,,,,,,,,
,515.64026,22.23838832,494.5459149,,,,,,,,,,,,713.3179,12.73889068,162.2793358,,,,,,,,,,
,498.45886,5.056988316,25.57313083,,,,,,,,,,,,687.5305,-13.04850932,170.2635955,,,,,,,,,,
,498.45886,5.056988316,25.57313083,,,,,,,,,,,,704.7119,4.13289068,17.08078537,,,,,,,,,,
,498.45886,5.056988316,25.57313083,,,,,,,,,,,,696.1212,-4.45780932,19.87206393,,,,,,,,,,
,489.86816,-3.533711684,12.48711826,,,,,,,,,,,,696.1365,-4.44250932,19.73588906,,,,,,,,,,
,498.45886,5.056988316,25.57313083,,,,,,,,,,,,713.3026,12.72359068,161.8897598,,,,,,,,,,
,507.04956,13.64768832,186.2593964,,,,,,,,,,,,721.90857,21.32956068,454.9501588,,,,,,,,,,
,507.06482,13.66294832,186.6761567,,,,,,,,,,,,713.3179,12.73889068,162.2793358,,,,,,,,,,
,515.64026,22.23838832,494.5459149,,,,,,,,,,,,704.7119,4.13289068,17.08078537,,,,,,,,,,
,515.6555,22.25362832,495.2239732,,,,,,,,,,,,721.90857,21.32956068,454.9501588,,,,,,,,,,
,507.04956,13.64768832,186.2593964,,,,,,,,,,,,704.7119,4.13289068,17.08078537,,,,,,,,,,
,515.64026,22.23838832,494.5459149,,,,,,,,,,,,704.7272,4.14819068,17.20748592,,,,,,,,,,
,507.06482,13.66294832,186.6761567,,,,,,,,,,,,713.3026,12.72359068,161.8897598,,,,,,,,,,
,515.64026,22.23838832,494.5459149,,,,,,,,,,,,696.1212,-4.45780932,19.87206393,,,,,,,,,,
,524.2462,30.84432832,951.3725893,,,,,,,,,,,,678.9398,-21.63920932,468.25538,,,,,,,,,,
,524.23096,30.82908832,950.4326864,,,,,,,,,,,,696.1212,-4.45780932,19.87206393,,,,,,,,,,
,515.6555,22.25362832,495.2239732,,,,,,,,,,,,696.1212,-4.45780932,19.87206393,,,,,,,,,,
,507.04956,13.64768832,186.2593964,,,,,,,,,,,,678.9398,-21.63920932,468.25538,,,,,,,,,,
,515.64026,22.23838832,494.5459149,,,,,,,,,,,,704.7272,4.14819068,17.20748592,,,,,,,,,,
,498.45886,5.056988316,25.57313083,,,,,,,,,,,,704.7119,4.13289068,17.08078537,,,,,,,,,,
,481.27747,-12.12440168,147.0011162,,,,,,,,,,,,704.7119,4.13289068,17.08078537,,,,,,,,,,
,507.04956,13.64768832,186.2593964,,,,,,,,,,,,721.90857,21.32956068,454.9501588,,,,,,,,,,
,507.04956,13.64768832,186.2593964,,,,,,,,,,,,730.49927,29.92026068,895.2219992,,,,,,,,,,
,507.06482,13.66294832,186.6761567,,,,,,,,,,,,696.1212,-4.45780932,19.87206393,,,,,,,,,,
,507.04956,13.64768832,186.2593964,,,,,,,,,,,,730.49927,29.92026068,895.2219992,,,,,,,,,,
,515.64026,22.23838832,494.5459149,,,,,,,,,,,,721.90857,21.32956068,454.9501588,,,,,,,,,,
,507.06482,13.66294832,186.6761567,,,,,,,,,,,,696.1212,-4.45780932,19.87206393,,,,,,,,,,
,515.64026,22.23838832,494.5459149,,,,,,,,,,,,721.90857,21.32956068,454.9501588,,,,,,,,,,
,524.2462,30.84432832,951.3725893,,,,,,,,,,,,704.7272,4.14819068,17.20748592,,,,,,,,,,
,524.23096,30.82908832,950.4326864,,,,,,,,,,,,696.1212,-4.45780932,19.87206393,,,,,,,,,,
,524.2462,30.84432832,951.3725893,,,,,,,,,,,,713.3026,12.72359068,161.8897598,,,,,,,,,,
,524.2462,30.84432832,951.3725893,,,,,,,,,,,,704.7272,4.14819068,17.20748592,,,,,,,,,,
,532.8369,39.43502832,1555.121458,,,,,,,,,,,,704.7119,4.13289068,17.08078537,,,,,,,,,,
,524.23096,30.82908832,950.4326864,,,,,,,,,,,,713.3179,12.73889068,162.2793358,,,,,,,,,,
,507.06482,13.66294832,186.6761567,,,,,,,,,,,,713.3026,12.72359068,161.8897598,,,,,,,,,,
,498.45886,5.056988316,25.57313083,,,,,,,,,,,,696.1365,-4.44250932,19.73588906,,,,,,,,,,
,507.04956,13.64768832,186.2593964,,,,,,,,,,,,713.3026,12.72359068,161.8897598,,,,,,,,,,
,507.04956,13.64768832,186.2593964,,,,,,,,,,,,730.49927,29.92026068,895.2219992,,,,,,,,,,
,515.6555,22.25362832,495.2239732,,,,,,,,,,,,713.3179,12.73889068,162.2793358,,,,,,,,,,
,498.45886,5.056988316,25.57313083,,,,,,,,,,,,721.90857,21.32956068,454.9501588,,,,,,,,,,
,524.23096,30.82908832,950.4326864,,,,,,,,,,,,713.3026,12.72359068,161.8897598,,,,,,,,,,
,532.8369,39.43502832,1555.121458,,,,,,,,,,,,704.7272,4.14819068,17.20748592,,,,,,,,,,
,515.6555,22.25362832,495.2239732,,,,,,,,,,,,704.7119,4.13289068,17.08078537,,,,,,,,,,
,515.64026,22.23838832,494.5459149,,,,,,,,,,,,713.3179,12.73889068,162.2793358,,,,,,,,,,
,515.6555,22.25362832,495.2239732,,,,,,,,,,,,704.7119,4.13289068,17.08078537,,,,,,,,,,
,532.82166,39.41978832,1553.919711,,,,,,,,,,,,713.3179,12.73889068,162.2793358,,,,,,,,,,
,515.6555,22.25362832,495.2239732,,,,,,,,,,,,721.90857,21.32956068,454.9501588,,,,,,,,,,
,515.64026,22.23838832,494.5459149,,,,,,,,,,,,704.7119,4.13289068,17.08078537,,,,,,,,,,
,524.2462,30.84432832,951.3725893,,,,,,,,,,,,721.90857,21.32956068,454.9501588,,,,,,,,,,
,524.2462,30.84432832,951.3725893,,,,,,,,,,,,721.90857,21.32956068,454.9501588,,,,,,,,,,
,515.64026,22.23838832,494.5459149,,,,,,,,,,,,721.90857,21.32956068,454.9501588,,,,,,,,,,
,498.45886,5.056988316,25.57313083,,,,,,,,,,,,713.3026,12.72359068,161.8897598,,,,,,,,,,
,498.45886,5.056988316,25.57313083,,,,,,,,,,,,721.90857,21.32956068,454.9501588,,,,,,,,,,
,498.45886,5.056988316,25.57313083,,,,,,,,,,,,696.1212,-4.45780932,19.87206393,,,,,,,,,,
,515.6555,22.25362832,495.2239732,,,,,,,,,,,,704.7272,4.14819068,17.20748592,,,,,,,,,,
,507.04956,13.64768832,186.2593964,,,,,,,,,,,,704.7119,4.13289068,17.08078537,,,,,,,,,,
,507.04956,13.64768832,186.2593964,,,,,,,,,,,,704.7119,4.13289068,17.08078537,,,,,,,,,,
,507.04956,13.64768832,186.2593964,,,,,,,,,,,,696.1212,-4.45780932,19.87206393,,,,,,,,,,
,515.6555,22.25362832,495.2239732,,,,,,,,,,,,713.3179,12.73889068,162.2793358,,,,,,,,,,
,507.04956,13.64768832,186.2593964,,,,,,,,,,,,713.3179,12.73889068,162.2793358,,,,,,,,,,
,507.04956,13.64768832,186.2593964,,,,,,,,,,,,713.3026,12.72359068,161.8897598,,,,,,,,,,
,515.6555,22.25362832,495.2239732,,,,,,,,,,,,713.3179,12.73889068,162.2793358,,,,,,,,,,
,532.8369,39.43502832,1555.121458,,,,,,,,,,,,713.3179,12.73889068,162.2793358,,,,,,,,,,
,541.4276,48.02572832,2306.47058,,,,,,,,,,,,721.8933,21.31429068,454.2989872,,,,,,,,,,
,524.23096,30.82908832,950.4326864,,,,,,,,,,,,713.3179,12.73889068,162.2793358,,,,,,,,,,
,532.8369,39.43502832,1555.121458,,,,,,,,,,,,713.3179,12.73889068,162.2793358,,,,,,,,,,
,541.4276,48.02572832,2306.47058,,,,,,,,,,,,687.5305,-13.04850932,170.2635955,,,,,,,,,,
,532.8369,39.43502832,1555.121458,,,,,,,,,,,,721.8933,21.31429068,454.2989872,,,,,,,,,,
,524.2462,30.84432832,951.3725893,,,,,,,,,,,,704.7272,4.14819068,17.20748592,,,,,,,,,,
,515.64026,22.23838832,494.5459149,,,,,,,,,,,,696.1212,-4.45780932,19.87206393,,,,,,,,,,
,532.8369,39.43502832,1555.121458,,,,,,,,,,,,713.3179,12.73889068,162.2793358,,,,,,,,,,
,515.6555,22.25362832,495.2239732,,,,,,,,,,,,713.3026,12.72359068,161.8897598,,,,,,,,,,
,507.04956,13.64768832,186.2593964,,,,,,,,,,,,704.7272,4.14819068,17.20748592,,,,,,,,,,
,507.04956,13.64768832,186.2593964,,,,,,,,,,,,730.49927,29.92026068,895.2219992,,,,,,,,,,
,515.6555,22.25362832,495.2239732,,,,,,,,,,,,721.8933,21.31429068,454.2989872,,,,,,,,,,
,524.23096,30.82908832,950.4326864,,,,,,,,,,,,704.7272,4.14819068,17.20748592,,,,,,,,,,
,507.06482,13.66294832,186.6761567,,,,,,,,,,,,704.7119,4.13289068,17.08078537,,,,,,,,,,
,524.23096,30.82908832,950.4326864,,,,,,,,,,,,696.1365,-4.44250932,19.73588906,,,,,,,,,,
,524.2462,30.84432832,951.3725893,,,,,,,,,,,,687.5305,-13.04850932,170.2635955,,,,,,,,,,
,532.8369,39.43502832,1555.121458,,,,,,,,,,,,696.10596,-4.47304932,20.00817022,,,,,,,,,,
,524.2462,30.84432832,951.3725893,,,,,,,,,,,,696.1365,-4.44250932,19.73588906,,,,,,,,,,
,524.23096,30.82908832,950.4326864,,,,,,,,,,,,704.7119,4.13289068,17.08078537,,,,,,,,,,
,524.2462,30.84432832,951.3725893,,,,,,,,,,,,713.3179,12.73889068,162.2793358,,,,,,,,,,
,541.4276,48.02572832,2306.47058,,,,,,,,,,,,696.10596,-4.47304932,20.00817022,,,,,,,,,,
,515.6555,22.25362832,495.2239732,,,,,,,,,,,,713.3179,12.73889068,162.2793358,,,,,,,,,,
,524.23096,30.82908832,950.4326864,,,,,,,,,,,,713.3179,12.73889068,162.2793358,,,,,,,,,,
,515.6555,22.25362832,495.2239732,,,,,,,,,,,,713.3179,12.73889068,162.2793358,,,,,,,,,,
,532.8369,39.43502832,1555.121458,,,,,,,,,,,,721.8933,21.31429068,454.2989872,,,,,,,,,,
,524.23096,30.82908832,950.4326864,,,,,,,,,,,,687.5305,-13.04850932,170.2635955,,,,,,,,,,
,524.2462,30.84432832,951.3725893,,,,,,,,,,,,687.5305,-13.04850932,170.2635955,,,,,,,,,,
,524.2462,30.84432832,951.3725893,,,,,,,,,,,,678.9551,-21.62390932,467.5934543,,,,,,,,,,
,524.23096,30.82908832,950.4326864,,,,,,,,,,,,687.5305,-13.04850932,170.2635955,,,,,,,,,,
,524.2462,30.84432832,951.3725893,,,,,,,,,,,,704.7119,4.13289068,17.08078537,,,,,,,,,,
,515.64026,22.23838832,494.5459149,,,,,,,,,,,,713.3179,12.73889068,162.2793358,,,,,,,,,,
,524.2462,30.84432832,951.3725893,,,,,,,,,,,,696.10596,-4.47304932,20.00817022,,,,,,,,,,
,507.04956,13.64768832,186.2593964,,,,,,,,,,,,704.7119,4.13289068,17.08078537,,,,,,,,,,
,515.6555,22.25362832,495.2239732,,,,,,,,,,,,713.3179,12.73889068,162.2793358,,,,,,,,,,
,515.64026,22.23838832,494.5459149,,,,,,,,,,,,704.7119,4.13289068,17.08078537,,,,,,,,,,
,515.6555,22.25362832,495.2239732,,,,,,,,,,,,721.9238,21.34479068,455.6000892,,,,,,,,,,
,532.8369,39.43502832,1555.121458,,,,,,,,,,,,713.3179,12.73889068,162.2793358,,,,,,,,,,
,532.8369,39.43502832,1555.121458,,,,,,,,,,,,696.10596,-4.47304932,20.00817022,,,,,,,,,,
,524.23096,30.82908832,950.4326864,,,,,,,,,,,,678.92456,-21.65444932,468.9151754,,,,,,,,,,
,524.2462,30.84432832,951.3725893,,,,,,,,,,,,704.74243,4.16342068,17.33407176,,,,,,,,,,
,524.2462,30.84432832,951.3725893,,,,,,,,,,,,678.92456,-21.65444932,468.9151754,,,,,,,,,,
,515.64026,22.23838832,494.5459149,,,,,,,,,,,,696.1365,-4.44250932,19.73588906,,,,,,,,,,
,507.04956,13.64768832,186.2593964,,,,,,,,,,,,721.8933,21.31429068,454.2989872,,,,,,,,,,
,498.45886,5.056988316,25.57313083,,,,,,,,,,,,704.7119,4.13289068,17.08078537,,,,,,,,,,
,507.04956,13.64768832,186.2593964,,,,,,,,,,,,696.1365,-4.44250932,19.73588906,,,,,,,,,,
,507.06482,13.66294832,186.6761567,,,,,,,,,,,,713.3179,12.73889068,162.2793358,,,,,,,,,,
,507.04956,13.64768832,186.2593964,,,,,,,,,,,,696.10596,-4.47304932,20.00817022,,,,,,,,,,
,498.45886,5.056988316,25.57313083,,,,,,,,,,,,678.9551,-21.62390932,467.5934543,,,,,,,,,,
,507.04956,13.64768832,186.2593964,,,,,,,,,,,,713.28735,12.70834068,161.5019228,,,,,,,,,,
,507.04956,13.64768832,186.2593964,,,,,,,,,,,,704.74243,4.16342068,17.33407176,,,,,,,,,,
,515.6555,22.25362832,495.2239732,,,,,,,,,,,,678.92456,-21.65444932,468.9151754,,,,,,,,,,
,498.45886,5.056988316,25.57313083,,,,,,,,,,,,696.10596,-4.47304932,20.00817022,,,,,,,,,,
,507.04956,13.64768832,186.2593964,,,,,,,,,,,,696.1365,-4.44250932,19.73588906,,,,,,,,,,
,507.04956,13.64768832,186.2593964,,,,,,,,,,,,678.92456,-21.65444932,468.9151754,,,,,,,,,,
,515.6555,22.25362832,495.2239732,,,,,,,,,,,,696.1365,-4.44250932,19.73588906,,,,,,,,,,
,498.45886,5.056988316,25.57313083,,,,,,,,,,,,696.1365,-4.44250932,19.73588906,,,,,,,,,,
,507.04956,13.64768832,186.2593964,,,,,,,,,,,,687.5305,-13.04850932,170.2635955,,,,,,,,,,
,498.45886,5.056988316,25.57313083,,,,,,,,,,,,704.7119,4.13289068,17.08078537,,,,,,,,,,
,498.45886,5.056988316,25.57313083,,,,,,,,,,,,730.49927,29.92026068,895.2219992,,,,,,,,,,
,498.45886,5.056988316,25.57313083,,,,,,,,,,,,713.3179,12.73889068,162.2793358,,,,,,,,,,
,489.86816,-3.533711684,12.48711826,,,,,,,,,,,,721.8933,21.31429068,454.2989872,,,,,,,,,,
,498.45886,5.056988316,25.57313083,,,,,,,,,,,,721.8933,21.31429068,454.2989872,,,,,,,,,,
,498.45886,5.056988316,25.57313083,,,,,,,,,,,,713.3179,12.73889068,162.2793358,,,,,,,,,,
,481.2622,-12.13967168,147.3716286,,,,,,,,,,,,713.3179,12.73889068,162.2793358,,,,,,,,,,
,498.45886,5.056988316,25.57313083,,,,,,,,,,,,713.3179,12.73889068,162.2793358,,,,,,,,,,
,489.86816,-3.533711684,12.48711826,,,,,,,,,,,,687.5305,-13.04850932,170.2635955,,,,,,,,,,
,498.45886,5.056988316,25.57313083,,,,,,,,,,,,687.5305,-13.04850932,170.2635955,,,,,,,,,,
,498.45886,5.056988316,25.57313083,,,,,,,,,,,,713.3179,12.73889068,162.2793358,,,,,,,,,,
,507.04956,13.64768832,186.2593964,,,,,,,,,,,,687.5305,-13.04850932,170.2635955,,,,,,,,,,
,498.45886,5.056988316,25.57313083,,,,,,,,,,,,696.10596,-4.47304932,20.00817022,,,,,,,,,,
,507.06482,13.66294832,186.6761567,,,,,,,,,,,,713.3179,12.73889068,162.2793358,,,,,,,,,,
,498.45886,5.056988316,25.57313083,,,,,,,,,,,,713.3179,12.73889068,162.2793358,,,,,,,,,,
,507.04956,13.64768832,186.2593964,,,,,,,,,,,,696.10596,-4.47304932,20.00817022,,,,,,,,,,
,489.86816,-3.533711684,12.48711826,,,,,,,,,,,,730.49927,29.92026068,895.2219992,,,,,,,,,,
,489.8529,-3.548971684,12.59520001,,,,,,,,,,,,713.3179,12.73889068,162.2793358,,,,,,,,,,
,481.27747,-12.12440168,147.0011162,,,,,,,,,,,,704.7119,4.13289068,17.08078537,,,,,,,,,,
,472.6715,-20.73037168,429.7483101,,,,,,,,,,,,721.9238,21.34479068,455.6000892,,,,,,,,,,
,481.27747,-12.12440168,147.0011162,,,,,,,,,,,,704.7119,4.13289068,17.08078537,,,,,,,,,,
,489.86816,-3.533711684,12.48711826,,,,,,,,,,,,704.7119,4.13289068,17.08078537,,,,,,,,,,
,481.2622,-12.13967168,147.3716286,,,,,,,,,,,,704.7119,4.13289068,17.08078537,,,,,,,,,,
,489.86816,-3.533711684,12.48711826,,,,,,,,,,,,704.74243,4.16342068,17.33407176,,,,,,,,,,
,489.86816,-3.533711684,12.48711826,,,,,,,,,,,,696.10596,-4.47304932,20.00817022,,,,,,,,,,
,498.45886,5.056988316,25.57313083,,,,,,,,,,,,713.3179,12.73889068,162.2793358,,,,,,,,,,
,481.2622,-12.13967168,147.3716286,,,,,,,,,,,,713.3179,12.73889068,162.2793358,,,,,,,,,,
,489.86816,-3.533711684,12.48711826,,,,,,,,,,,,696.10596,-4.47304932,20.00817022,,,,,,,,,,
,489.86816,-3.533711684,12.48711826,,,,,,,,,,,,721.9238,21.34479068,455.6000892,,,,,,,,,,
,481.27747,-12.12440168,147.0011162,,,,,,,,,,,,721.8933,21.31429068,454.2989872,,,,,,,,,,
,498.45886,5.056988316,25.57313083,,,,,,,,,,,,704.7119,4.13289068,17.08078537,,,,,,,,,,
,489.8529,-3.548971684,12.59520001,,,,,,,,,,,,704.74243,4.16342068,17.33407176,,,,,,,,,,
,507.06482,13.66294832,186.6761567,,,,,,,,,,,,704.7119,4.13289068,17.08078537,,,,,,,,,,
,498.45886,5.056988316,25.57313083,,,,,,,,,,,,687.5305,-13.04850932,170.2635955,,,,,,,,,,
,498.45886,5.056988316,25.57313083,,,,,,,,,,,,678.92456,-21.65444932,468.9151754,,,,,,,,,,
,481.2622,-12.13967168,147.3716286,,,,,,,,,,,,704.7119,4.13289068,17.08078537,,,,,,,,,,
,472.6715,-20.73037168,429.7483101,,,,,,,,,,,,678.9551,-21.62390932,467.5934543,,,,,,,,,,
,489.86816,-3.533711684,12.48711826,,,,,,,,,,,,696.10596,-4.47304932,20.00817022,,,,,,,,,,
,464.0808,-29.32107168,859.7252447,,,,,,,,,,,,696.1365,-4.44250932,19.73588906,,,,,,,,,,
,472.68677,-20.71510168,429.1154378,,,,,,,,,,,,704.7119,4.13289068,17.08078537,,,,,,,,,,
,472.6715,-20.73037168,429.7483101,,,,,,,,,,,,704.7119,4.13289068,17.08078537,,,,,,,,,,
,481.27747,-12.12440168,147.0011162,,,,,,,,,,,,687.5305,-13.04850932,170.2635955,,,,,,,,,,
,498.45886,5.056988316,25.57313083,,,,,,,,,,,,713.3179,12.73889068,162.2793358,,,,,,,,,,
,489.8529,-3.548971684,12.59520001,,,,,,,,,,,,696.1365,-4.44250932,19.73588906,,,,,,,,,,
,489.86816,-3.533711684,12.48711826,,,,,,,,,,,,704.7119,4.13289068,17.08078537,,,,,,,,,,
,472.6715,-20.73037168,429.7483101,,,,,,,,,,,,687.5305,-13.04850932,170.2635955,,,,,,,,,,
,489.86816,-3.533711684,12.48711826,,,,,,,,,,,,670.3186,-30.26040932,915.6923722,,,,,,,,,,
,507.04956,13.64768832,186.2593964,,,,,,,,,,,,696.1365,-4.44250932,19.73588906,,,,,,,,,,
,489.86816,-3.533711684,12.48711826,,,,,,,,,,,,696.1365,-4.44250932,19.73588906,,,,,,,,,,
,489.86816,-3.533711684,12.48711826,,,,,,,,,,,,687.5305,-13.04850932,170.2635955,,,,,,,,,,
,524.2462,30.84432832,951.3725893,,,,,,,,,,,,696.10596,-4.47304932,20.00817022,,,,,,,,,,
,498.45886,5.056988316,25.57313083,,,,,,,,,,,,696.1365,-4.44250932,19.73588906,,,,,,,,,,
,507.04956,13.64768832,186.2593964,,,,,,,,,,,,696.10596,-4.47304932,20.00817022,,,,,,,,,,
,472.6715,-20.73037168,429.7483101,,,,,,,,,,,,696.1365,-4.44250932,19.73588906,,,,,,,,,,
,472.68677,-20.71510168,429.1154378,,,,,,,,,,,,704.7119,4.13289068,17.08078537,,,,,,,,,,
,481.2622,-12.13967168,147.3716286,,,,,,,,,,,,687.5305,-13.04850932,170.2635955,,,,,,,,,,
,481.27747,-12.12440168,147.0011162,,,,,,,,,,,,687.5305,-13.04850932,170.2635955,,,,,,,,,,
,481.2622,-12.13967168,147.3716286,,,,,,,,,,,,687.5305,-13.04850932,170.2635955,,,,,,,,,,
,481.27747,-12.12440168,147.0011162,,,,,,,,,,,,670.3491,-30.22990932,913.8474175,,,,,,,,,,
,489.86816,-3.533711684,12.48711826,,,,,,,,,,,,678.92456,-21.65444932,468.9151754,,,,,,,,,,
,515.64026,22.23838832,494.5459149,,,,,,,,,,,,687.5305,-13.04850932,170.2635955,,,,,,,,,,
,507.04956,13.64768832,186.2593964,,,,,,,,,,,,687.5305,-13.04850932,170.2635955,,,,,,,,,,
,507.06482,13.66294832,186.6761567,,,,,,,,,,,,678.92456,-21.65444932,468.9151754,,,,,,,,,,
,489.8529,-3.548971684,12.59520001,,,,,,,,,,,,678.9551,-21.62390932,467.5934543,,,,,,,,,,
,507.06482,13.66294832,186.6761567,,,,,,,,,,,,696.10596,-4.47304932,20.00817022,,,,,,,,,,
,507.04956,13.64768832,186.2593964,,,,,,,,,,,,687.5305,-13.04850932,170.2635955,,,,,,,,,,
,498.45886,5.056988316,25.57313083,,,,,,,,,,,,704.74243,4.16342068,17.33407176,,,,,,,,,,
,489.86816,-3.533711684,12.48711826,,,,,,,,,,,,704.7119,4.13289068,17.08078537,,,,,,,,,,
,498.45886,5.056988316,25.57313083,,,,,,,,,,,,687.5305,-13.04850932,170.2635955,,,,,,,,,,
,507.04956,13.64768832,186.2593964,,,,,,,,,,,,678.92456,-21.65444932,468.9151754,,,,,,,,,,
,498.45886,5.056988316,25.57313083,,,,,,,,,,,,670.3491,-30.22990932,913.8474175,,,,,,,,,,
,489.86816,-3.533711684,12.48711826,,,,,,,,,,,,670.3491,-30.22990932,913.8474175,,,,,,,,,,
,472.6715,-20.73037168,429.7483101,,,,,,,,,,,,670.3186,-30.26040932,915.6923722,,,,,,,,,,
,507.04956,13.64768832,186.2593964,,,,,,,,,,,,678.9551,-21.62390932,467.5934543,,,,,,,,,,
,507.04956,13.64768832,186.2593964,,,,,,,,,,,,687.5305,-13.04850932,170.2635955,,,,,,,,,,
,489.86816,-3.533711684,12.48711826,,,,,,,,,,,,678.92456,-21.65444932,468.9151754,,,,,,,,,,
,481.27747,-12.12440168,147.0011162,,,,,,,,,,,,678.92456,-21.65444932,468.9151754,,,,,,,,,,
,489.86816,-3.533711684,12.48711826,,,,,,,,,,,,696.1365,-4.44250932,19.73588906,,,,,,,,,,
,489.8529,-3.548971684,12.59520001,,,,,,,,,,,,687.5305,-13.04850932,170.2635955,,,,,,,,,,
,489.86816,-3.533711684,12.48711826,,,,,,,,,,,,713.3179,12.73889068,162.2793358,,,,,,,,,,
,481.27747,-12.12440168,147.0011162,,,,,,,,,,,,696.10596,-4.47304932,20.00817022,,,,,,,,,,
,524.23096,30.82908832,950.4326864,,,,,,,,,,,,678.9551,-21.62390932,467.5934543,,,,,,,,,,
,532.8369,39.43502832,1555.121458,,,,,,,,,,,,670.3186,-30.26040932,915.6923722,,,,,,,,,,
,541.4276,48.02572832,2306.47058,,,,,,,,,,,,678.9551,-21.62390932,467.5934543,,,,,,,,,,
,524.2462,30.84432832,951.3725893,,,,,,,,,,,,670.3186,-30.26040932,915.6923722,,,,,,,,,,
,524.2462,30.84432832,951.3725893,,,,,,,,,,,,678.9551,-21.62390932,467.5934543,,,,,,,,,,
,524.23096,30.82908832,950.4326864,,,,,,,,,,,,696.10596,-4.47304932,20.00817022,,,,,,,,,,
,515.6555,22.25362832,495.2239732,,,,,,,,,,,,696.1365,-4.44250932,19.73588906,,,,,,,,,,
,515.6555,22.25362832,495.2239732,,,,,,,,,,,,678.92456,-21.65444932,468.9151754,,,,,,,,,,
,507.04956,13.64768832,186.2593964,,,,,,,,,,,,678.9551,-21.62390932,467.5934543,,,,,,,,,,
,524.23096,30.82908832,950.4326864,,,,,,,,,,,,696.10596,-4.47304932,20.00817022,,,,,,,,,,
,515.6555,22.25362832,495.2239732,,,,,,,,,,,,678.9551,-21.62390932,467.5934543,,,,,,,,,,
,515.6555,22.25362832,495.2239732,,,,,,,,,,,,687.5305,-13.04850932,170.2635955,,,,,,,,,,
,498.4436,5.041728316,25.41902442,,,,,,,,,,,,704.7119,4.13289068,17.08078537,,,,,,,,,,
,515.6555,22.25362832,495.2239732,,,,,,,,,,,,670.3491,-30.22990932,913.8474175,,,,,,,,,,
,507.04956,13.64768832,186.2593964,,,,,,,,,,,,661.74316,-38.83584932,1508.223192,,,,,,,,,,
,515.6555,22.25362832,495.2239732,,,,,,,,,,,,678.92456,-21.65444932,468.9151754,,,,,,,,,,
,507.04956,13.64768832,186.2593964,,,,,,,,,,,,678.92456,-21.65444932,468.9151754,,,,,,,,,,
,507.04956,13.64768832,186.2593964,,,,,,,,,,,,661.7737,-38.80530932,1505.852031,,,,,,,,,,
,524.23096,30.82908832,950.4326864,,,,,,,,,,,,678.92456,-21.65444932,468.9151754,,,,,,,,,,
,515.6555,22.25362832,495.2239732,,,,,,,,,,,,687.5305,-13.04850932,170.2635955,,,,,,,,,,
,515.6555,22.25362832,495.2239732,,,,,,,,,,,,687.5305,-13.04850932,170.2635955,,,,,,,,,,
,515.625,22.22312832,493.8674322,,,,,,,,,,,,704.7119,4.13289068,17.08078537,,,,,,,,,,
,532.8369,39.43502832,1555.121458,,,,,,,,,,,,713.3179,12.73889068,162.2793358,,,,,,,,,,
,524.2615,30.85962832,952.3166598,,,,,,,,,,,,704.7119,4.13289068,17.08078537,,,,,,,,,,
,507.04956,13.64768832,186.2593964,,,,,,,,,,,,713.3179,12.73889068,162.2793358,,,,,,,,,,
,515.6555,22.25362832,495.2239732,,,,,,,,,,,,713.3179,12.73889068,162.2793358,,,,,,,,,,
,515.625,22.22312832,493.8674322,,,,,,,,,,,,696.10596,-4.47304932,20.00817022,,,,,,,,,,
,507.04956,13.64768832,186.2593964,,,,,,,,,,,,713.3179,12.73889068,162.2793358,,,,,,,,,,
,507.04956,13.64768832,186.2593964,,,,,,,,,,,,678.92456,-21.65444932,468.9151754,,,,,,,,,,
,507.08008,13.67820832,187.0933827,,,,,,,,,,,,687.5305,-13.04850932,170.2635955,,,,,,,,,,
,515.625,22.22312832,493.8674322,,,,,,,,,,,,696.1365,-4.44250932,19.73588906,,,,,,,,,,
,515.6555,22.25362832,495.2239732,,,,,,,,,,,,687.5305,-13.04850932,170.2635955,,,,,,,,,,
,507.04956,13.64768832,186.2593964,,,,,,,,,,,,687.5305,-13.04850932,170.2635955,,,,,,,,,,
,507.04956,13.64768832,186.2593964,,,,,,,,,,,,696.1365,-4.44250932,19.73588906,,,,,,,,,,
,507.04956,13.64768832,186.2593964,,,,,,,,,,,,704.7119,4.13289068,17.08078537,,,,,,,,,,
,507.08008,13.67820832,187.0933827,,,,,,,,,,,,704.7119,4.13289068,17.08078537,,,,,,,,,,
,515.625,22.22312832,493.8674322,,,,,,,,,,,,704.7119,4.13289068,17.08078537,,,,,,,,,,
,507.04956,13.64768832,186.2593964,,,,,,,,,,,,713.3179,12.73889068,162.2793358,,,,,,,,,,
,515.6555,22.25362832,495.2239732,,,,,,,,,,,,704.7119,4.13289068,17.08078537,,,,,,,,,,
,515.6555,22.25362832,495.2239732,,,,,,,,,,,,696.1365,-4.44250932,19.73588906,,,,,,,,,,
,524.23096,30.82908832,950.4326864,,,,,,,,,,,,713.28735,12.70834068,161.5019228,,,,,,,,,,
,515.6555,22.25362832,495.2239732,,,,,,,,,,,,678.9551,-21.62390932,467.5934543,,,,,,,,,,
,498.4436,5.041728316,25.41902442,,,,,,,,,,,,687.5305,-13.04850932,170.2635955,,,,,,,,,,
,515.6555,22.25362832,495.2239732,,,,,,,,,,,,696.10596,-4.47304932,20.00817022,,,,,,,,,,
,498.47412,5.072248316,25.72770298,,,,,,,,,,,,678.9551,-21.62390932,467.5934543,,,,,,,,,,
,498.4436,5.041728316,25.41902442,,,,,,,,,,,,678.92456,-21.65444932,468.9151754,,,,,,,,,,
,498.47412,5.072248316,25.72770298,,,,,,,,,,,,696.1365,-4.44250932,19.73588906,,,,,,,,,,
,498.4436,5.041728316,25.41902442,,,,,,,,,,,,696.10596,-4.47304932,20.00817022,,,,,,,,,,
,498.47412,5.072248316,25.72770298,,,,,,,,,,,,696.1365,-4.44250932,19.73588906,,,,,,,,,,
,489.86816,-3.533711684,12.48711826,,,,,,,,,,,,721.8933,21.31429068,454.2989872,,,,,,,,,,
,498.4436,5.041728316,25.41902442,,,,,,,,,,,,704.7119,4.13289068,17.08078537,,,,,,,,,,
,489.86816,-3.533711684,12.48711826,,,,,,,,,,,,678.9551,-21.62390932,467.5934543,,,,,,,,,,
,498.4436,5.041728316,25.41902442,,,,,,,,,,,,696.10596,-4.47304932,20.00817022,,,,,,,,,,
,498.47412,5.072248316,25.72770298,,,,,,,,,,,,687.5305,-13.04850932,170.2635955,,,,,,,,,,
,498.4436,5.041728316,25.41902442,,,,,,,,,,,,678.9551,-21.62390932,467.5934543,,,,,,,,,,
,498.47412,5.072248316,25.72770298,,,,,,,,,,,,687.5305,-13.04850932,170.2635955,,,,,,,,,,
,507.04956,13.64768832,186.2593964,,,,,,,,,,,,670.3186,-30.26040932,915.6923722,,,,,,,,,,
,507.04956,13.64768832,186.2593964,,,,,,,,,,,,678.9551,-21.62390932,467.5934543,,,,,,,,,,
,498.47412,5.072248316,25.72770298,,,,,,,,,,,,678.92456,-21.65444932,468.9151754,,,,,,,,,,
,498.4436,5.041728316,25.41902442,,,,,,,,,,,,696.1365,-4.44250932,19.73588906,,,,,,,,,,
,489.86816,-3.533711684,12.48711826,,,,,,,,,,,,687.5305,-13.04850932,170.2635955,,,,,,,,,,
,498.47412,5.072248316,25.72770298,,,,,,,,,,,,687.5305,-13.04850932,170.2635955,,,,,,,,,,
,489.83765,-3.564221684,12.70367621,,,,,,,,,,,,687.5305,-13.04850932,170.2635955,,,,,,,,,,
,472.68677,-20.71510168,429.1154378,,,,,,,,,,,,704.7119,4.13289068,17.08078537,,,,,,,,,,
,489.86816,-3.533711684,12.48711826,,,,,,,,,,,,696.10596,-4.47304932,20.00817022,,,,,,,,,,
,489.86816,-3.533711684,12.48711826,,,,,,,,,,,,670.3491,-30.22990932,913.8474175,,,,,,,,,,
,507.04956,13.64768832,186.2593964,,,,,,,,,,,,687.5305,-13.04850932,170.2635955,,,,,,,,,,
,481.2622,-12.13967168,147.3716286,,,,,,,,,,,,678.9551,-21.62390932,467.5934543,,,,,,,,,,
,481.29272,-12.10915168,146.6315545,,,,,,,,,,,,678.92456,-21.65444932,468.9151754,,,,,,,,,,
,489.83765,-3.564221684,12.70367621,,,,,,,,,,,,687.5305,-13.04850932,170.2635955,,,,,,,,,,
,481.29272,-12.10915168,146.6315545,,,,,,,,,,,,687.5305,-13.04850932,170.2635955,,,,,,,,,,
,481.2622,-12.13967168,147.3716286,,,,,,,,,,,,678.92456,-21.65444932,468.9151754,,,,,,,,,,
,481.2622,-12.13967168,147.3716286,,,,,,,,,,,,687.5305,-13.04850932,170.2635955,,,,,,,,,,
,481.29272,-12.10915168,146.6315545,,,,,,,,,,,,678.92456,-21.65444932,468.9151754,,,,,,,,,,
,489.83765,-3.564221684,12.70367621,,,,,,,,,,,,696.1365,-4.44250932,19.73588906,,,,,,,,,,
,498.47412,5.072248316,25.72770298,,,,,,,,,,,,696.1365,-4.44250932,19.73588906,,,,,,,,,,
,489.86816,-3.533711684,12.48711826,,,,,,,,,,,,687.5305,-13.04850932,170.2635955,,,,,,,,,,
,481.2622,-12.13967168,147.3716286,,,,,,,,,,,,687.5305,-13.04850932,170.2635955,,,,,,,,,,
,481.2622,-12.13967168,147.3716286,,,,,,,,,,,,678.92456,-21.65444932,468.9151754,,,,,,,,,,
,472.68677,-20.71510168,429.1154378,,,,,,,,,,,,670.3491,-30.22990932,913.8474175,,,,,,,,,,
,472.68677,-20.71510168,429.1154378,,,,,,,,,,,,670.3186,-30.26040932,915.6923722,,,,,,,,,,
,464.0808,-29.32107168,859.7252447,,,,,,,,,,,,670.3491,-30.22990932,913.8474175,,,,,,,,,,
,472.65625,-20.74562168,430.380819,,,,,,,,,,,,687.5305,-13.04850932,170.2635955,,,,,,,,,,
,472.68677,-20.71510168,429.1154378,,,,,,,,,,,,678.9551,-21.62390932,467.5934543,,,,,,,,,,
,472.68677,-20.71510168,429.1154378,,,,,,,,,,,,678.92456,-21.65444932,468.9151754,,,,,,,,,,
,481.2622,-12.13967168,147.3716286,,,,,,,,,,,,687.5305,-13.04850932,170.2635955,,,,,,,,,,
,481.2622,-12.13967168,147.3716286,,,,,,,,,,,,687.5305,-13.04850932,170.2635955,,,,,,,,,,
,481.29272,-12.10915168,146.6315545,,,,,,,,,,,,687.5305,-13.04850932,170.2635955,,,,,,,,,,
,489.86816,-3.533711684,12.48711826,,,,,,,,,,,,704.7119,4.13289068,17.08078537,,,,,,,,,,
,489.83765,-3.564221684,12.70367621,,,,,,,,,,,,704.7119,4.13289068,17.08078537,,,,,,,,,,
,481.29272,-12.10915168,146.6315545,,,,,,,,,,,,661.74316,-38.83584932,1508.223192,,,,,,,,,,
,489.86816,-3.533711684,12.48711826,,,,,,,,,,,,678.9551,-21.62390932,467.5934543,,,,,,,,,,
,489.86816,-3.533711684,12.48711826,,,,,,,,,,,,661.74316,-38.83584932,1508.223192,,,,,,,,,,
,481.2622,-12.13967168,147.3716286,,,,,,,,,,,,670.3491,-30.22990932,913.8474175,,,,,,,,,,
,489.86816,-3.533711684,12.48711826,,,,,,,,,,,,687.5305,-13.04850932,170.2635955,,,,,,,,,,
,481.2622,-12.13967168,147.3716286,,,,,,,,,,,,687.5,-13.07900932,171.0604848,,,,,,,,,,
,472.68677,-20.71510168,429.1154378,,,,,,,,,,,,678.9551,-21.62390932,467.5934543,,,,,,,,,,
,481.2622,-12.13967168,147.3716286,,,,,,,,,,,,687.5305,-13.04850932,170.2635955,,,,,,,,,,
,464.0808,-29.32107168,859.7252447,,,,,,,,,,,,687.5305,-13.04850932,170.2635955,,,,,,,,,,
,472.68677,-20.71510168,429.1154378,,,,,,,,,,,,696.10596,-4.47304932,20.00817022,,,,,,,,,,
,464.0808,-29.32107168,859.7252447,,,,,,,,,,,,713.3179,12.73889068,162.2793358,,,,,,,,,,
,464.0808,-29.32107168,859.7252447,,,,,,,,,,,,704.7119,4.13289068,17.08078537,,,,,,,,,,
,481.2622,-12.13967168,147.3716286,,,,,,,,,,,,678.9551,-21.62390932,467.5934543,,,,,,,,,,
,481.2622,-12.13967168,147.3716286,,,,,,,,,,,,670.3186,-30.26040932,915.6923722,,,,,,,,,,
,481.29272,-12.10915168,146.6315545,,,,,,,,,,,,696.1365,-4.44250932,19.73588906,,,,,,,,,,
,455.47485,-37.92702168,1438.458974,,,,,,,,,,,,678.92456,-21.65444932,468.9151754,,,,,,,,,,
,481.2622,-12.13967168,147.3716286,,,,,,,,,,,,670.3491,-30.22990932,913.8474175,,,,,,,,,,
,481.29272,-12.10915168,146.6315545,,,,,,,,,,,,696.1365,-4.44250932,19.73588906,,,,,,,,,,
,507.04956,13.64768832,186.2593964,,,,,,,,,,,,696.10596,-4.47304932,20.00817022,,,,,,,,,,
,489.86816,-3.533711684,12.48711826,,,,,,,,,,,,678.9551,-21.62390932,467.5934543,,,,,,,,,,
,481.2622,-12.13967168,147.3716286,,,,,,,,,,,,687.5305,-13.04850932,170.2635955,,,,,,,,,,
,498.4436,5.041728316,25.41902442,,,,,,,,,,,,704.7119,4.13289068,17.08078537,,,,,,,,,,
,489.86816,-3.533711684,12.48711826,,,,,,,,,,,,678.92456,-21.65444932,468.9151754,,,,,,,,,,
,489.86816,-3.533711684,12.48711826,,,,,,,,,,,,696.1365,-4.44250932,19.73588906,,,,,,,,,,
,446.8994,-46.50247168,2162.479873,,,,,,,,,,,,713.3179,12.73889068,162.2793358,,,,,,,,,,
,464.0808,-29.32107168,859.7252447,,,,,,,,,,,,678.92456,-21.65444932,468.9151754,,,,,,,,,,
,481.2622,-12.13967168,147.3716286,,,,,,,,,,,,670.3491,-30.22990932,913.8474175,,,,,,,,,,
,464.0808,-29.32107168,859.7252447,,,,,,,,,,,,687.5305,-13.04850932,170.2635955,,,,,,,,,,
,481.29272,-12.10915168,146.6315545,,,,,,,,,,,,678.92456,-21.65444932,468.9151754,,,,,,,,,,
,472.65625,-20.74562168,430.380819,,,,,,,,,,,,670.3491,-30.22990932,913.8474175,,,,,,,,,,
,481.29272,-12.10915168,146.6315545,,,,,,,,,,,,687.5305,-13.04850932,170.2635955,,,,,,,,,,
,481.2622,-12.13967168,147.3716286,,,,,,,,,,,,678.92456,-21.65444932,468.9151754,,,,,,,,,,
,472.68677,-20.71510168,429.1154378,,,,,,,,,,,,678.92456,-21.65444932,468.9151754,,,,,,,,,,
,481.2622,-12.13967168,147.3716286,,,,,,,,,,,,704.74243,4.16342068,17.33407176,,,,,,,,,,
,464.0808,-29.32107168,859.7252447,,,,,,,,,,,,730.49927,29.92026068,895.2219992,,,,,,,,,,
,472.68677,-20.71510168,429.1154378,,,,,,,,,,,,696.10596,-4.47304932,20.00817022,,,,,,,,,,
,489.83765,-3.564221684,12.70367621,,,,,,,,,,,,721.9238,21.34479068,455.6000892,,,,,,,,,,
,472.68677,-20.71510168,429.1154378,,,,,,,,,,,,713.28735,12.70834068,161.5019228,,,,,,,,,,
,481.2622,-12.13967168,147.3716286,,,,,,,,,,,,696.1365,-4.44250932,19.73588906,,,,,,,,,,
,481.29272,-12.10915168,146.6315545,,,,,,,,,,,,696.1365,-4.44250932,19.73588906,,,,,,,,,,
,481.2622,-12.13967168,147.3716286,,,,,,,,,,,,696.10596,-4.47304932,20.00817022,,,,,,,,,,
,481.2622,-12.13967168,147.3716286,,,,,,,,,,,,670.3491,-30.22990932,913.8474175,,,,,,,,,,
,464.0808,-29.32107168,859.7252447,,,,,,,,,,,,687.5305,-13.04850932,170.2635955,,,,,,,,,,
,446.8994,-46.50247168,2162.479873,,,,,,,,,,,,687.5305,-13.04850932,170.2635955,,,,,,,,,,
,446.8994,-46.50247168,2162.479873,,,,,,,,,,,,696.1365,-4.44250932,19.73588906,,,,,,,,,,
,481.2622,-12.13967168,147.3716286,,,,,,,,,,,,696.10596,-4.47304932,20.00817022,,,,,,,,,,
,464.0808,-29.32107168,859.7252447,,,,,,,,,,,,704.7119,4.13289068,17.08078537,,,,,,,,,,
,464.0808,-29.32107168,859.7252447,,,,,,,,,,,,696.1365,-4.44250932,19.73588906,,,,,,,,,,
,464.0808,-29.32107168,859.7252447,,,,,,,,,,,,721.8933,21.31429068,454.2989872,,,,,,,,,,
,481.29272,-12.10915168,146.6315545,,,,,,,,,,,,713.3179,12.73889068,162.2793358,,,,,,,,,,
,472.65625,-20.74562168,430.380819,,,,,,,,,,,,704.7119,4.13289068,17.08078537,,,,,,,,,,
,472.68677,-20.71510168,429.1154378,,,,,,,,,,,,704.7119,4.13289068,17.08078537,,,,,,,,,,
,455.47485,-37.92702168,1438.458974,,,,,,,,,,,,704.74243,4.16342068,17.33407176,,,,,,,,,,
,472.68677,-20.71510168,429.1154378,,,,,,,,,,,,696.10596,-4.47304932,20.00817022,,,,,,,,,,
,507.04956,13.64768832,186.2593964,,,,,,,,,,,,687.5305,-13.04850932,170.2635955,,,,,,,,,,
,489.86816,-3.533711684,12.48711826,,,,,,,,,,,,704.7119,4.13289068,17.08078537,,,,,,,,,,
,498.47412,5.072248316,25.72770298,,,,,,,,,,,,704.74243,4.16342068,17.33407176,,,,,,,,,,
,489.86816,-3.533711684,12.48711826,,,,,,,,,,,,670.3186,-30.26040932,915.6923722,,,,,,,,,,
,515.625,22.22312832,493.8674322,,,,,,,,,,,,704.74243,4.16342068,17.33407176,,,,,,,,,,
,498.47412,5.072248316,25.72770298,,,,,,,,,,,,704.7119,4.13289068,17.08078537,,,,,,,,,,
,507.04956,13.64768832,186.2593964,,,,,,,,,,,,704.7119,4.13289068,17.08078537,,,,,,,,,,
,481.2622,-12.13967168,147.3716286,,,,,,,,,,,,713.3179,12.73889068,162.2793358,,,,,,,,,,
,481.2622,-12.13967168,147.3716286,,,,,,,,,,,,704.7119,4.13289068,17.08078537,,,,,,,,,,
,489.86816,-3.533711684,12.48711826,,,,,,,,,,,,704.7119,4.13289068,17.08078537,,,,,,,,,,
,472.68677,-20.71510168,429.1154378,,,,,,,,,,,,704.7119,4.13289068,17.08078537,,,,,,,,,,
,481.2622,-12.13967168,147.3716286,,,,,,,,,,,,696.1365,-4.44250932,19.73588906,,,,,,,,,,
,481.29272,-12.10915168,146.6315545,,,,,,,,,,,,670.3491,-30.22990932,913.8474175,,,,,,,,,,
,489.83765,-3.564221684,12.70367621,,,,,,,,,,,,696.10596,-4.47304932,20.00817022,,,,,,,,,,
,481.29272,-12.10915168,146.6315545,,,,,,,,,,,,687.5305,-13.04850932,170.2635955,,,,,,,,,,
,515.625,22.22312832,493.8674322,,,,,,,,,,,,678.9551,-21.62390932,467.5934543,,,,,,,,,,
,489.86816,-3.533711684,12.48711826,,,,,,,,,,,,696.10596,-4.47304932,20.00817022,,,,,,,,,,
,481.29272,-12.10915168,146.6315545,,,,,,,,,,,,704.7119,4.13289068,17.08078537,,,,,,,,,,
,507.04956,13.64768832,186.2593964,,,,,,,,,,,,696.1365,-4.44250932,19.73588906,,,,,,,,,,
,489.86816,-3.533711684,12.48711826,,,,,,,,,,,,696.1365,-4.44250932,19.73588906,,,,,,,,,,
,481.2622,-12.13967168,147.3716286,,,,,,,,,,,,713.28735,12.70834068,161.5019228,,,,,,,,,,
,481.2622,-12.13967168,147.3716286,,,,,,,,,,,,704.74243,4.16342068,17.33407176,,,,,,,,,,
,498.47412,5.072248316,25.72770298,,,,,,,,,,,,704.7119,4.13289068,17.08078537,,,,,,,,,,
,515.625,22.22312832,493.8674322,,,,,,,,,,,,687.5305,-13.04850932,170.2635955,,,,,,,,,,
,481.29272,-12.10915168,146.6315545,,,,,,,,,,,,687.5305,-13.04850932,170.2635955,,,,,,,,,,
,498.4436,5.041728316,25.41902442,,,,,,,,,,,,687.5305,-13.04850932,170.2635955,,,,,,,,,,
,507.04956,13.64768832,186.2593964,,,,,,,,,,,,696.10596,-4.47304932,20.00817022,,,,,,,,,,
,498.47412,5.072248316,25.72770298,,,,,,,,,,,,687.5305,-13.04850932,170.2635955,,,,,,,,,,
,481.2622,-12.13967168,147.3716286,,,,,,,,,,,,696.1365,-4.44250932,19.73588906,,,,,,,,,,
,472.68677,-20.71510168,429.1154378,,,,,,,,,,,,696.10596,-4.47304932,20.00817022,,,,,,,,,,
,481.2622,-12.13967168,147.3716286,,,,,,,,,,,,696.1365,-4.44250932,19.73588906,,,,,,,,,,
,489.86816,-3.533711684,12.48711826,,,,,,,,,,,,704.7119,4.13289068,17.08078537,,,,,,,,,,
,481.2622,-12.13967168,147.3716286,,,,,,,,,,,,696.1365,-4.44250932,19.73588906,,,,,,,,,,
,472.68677,-20.71510168,429.1154378,,,,,,,,,,,,704.7119,4.13289068,17.08078537,,,,,,,,,,
,481.2622,-12.13967168,147.3716286,,,,,,,,,,,,687.5305,-13.04850932,170.2635955,,,,,,,,,,
,507.04956,13.64768832,186.2593964,,,,,,,,,,,,687.5305,-13.04850932,170.2635955,,,,,,,,,,
,472.68677,-20.71510168,429.1154378,,,,,,,,,,,,696.10596,-4.47304932,20.00817022,,,,,,,,,,
,489.86816,-3.533711684,12.48711826,,,,,,,,,,,,678.9551,-21.62390932,467.5934543,,,,,,,,,,
,498.4436,5.041728316,25.41902442,,,,,,,,,,,,678.92456,-21.65444932,468.9151754,,,,,,,,,,
,481.29272,-12.10915168,146.6315545,,,,,,,,,,,,678.92456,-21.65444932,468.9151754,,,,,,,,,,
,489.83765,-3.564221684,12.70367621,,,,,,,,,,,,687.5305,-13.04850932,170.2635955,,,,,,,,,,
,481.29272,-12.10915168,146.6315545,,,,,,,,,,,,696.1365,-4.44250932,19.73588906,,,,,,,,,,
,489.86816,-3.533711684,12.48711826,,,,,,,,,,,,678.92456,-21.65444932,468.9151754,,,,,,,,,,
,472.65625,-20.74562168,430.380819,,,,,,,,,,,,696.1365,-4.44250932,19.73588906,,,,,,,,,,
,481.29272,-12.10915168,146.6315545,,,,,,,,,,,,696.1365,-4.44250932,19.73588906,,,,,,,,,,
,481.2622,-12.13967168,147.3716286,,,,,,,,,,,,713.28735,12.70834068,161.5019228,,,,,,,,,,
,481.2622,-12.13967168,147.3716286,,,,,,,,,,,,713.3179,12.73889068,162.2793358,,,,,,,,,,
,472.68677,-20.71510168,429.1154378,,,,,,,,,,,,678.9551,-21.62390932,467.5934543,,,,,,,,,,
,464.0808,-29.32107168,859.7252447,,,,,,,,,,,,687.5305,-13.04850932,170.2635955,,,,,,,,,,
,489.86816,-3.533711684,12.48711826,,,,,,,,,,,,670.3186,-30.26040932,915.6923722,,,,,,,,,,
,464.0808,-29.32107168,859.7252447,,,,,,,,,,,,670.3491,-30.22990932,913.8474175,,,,,,,,,,
,472.65625,-20.74562168,430.380819,,,,,,,,,,,,678.92456,-21.65444932,468.9151754,,,,,,,,,,
,455.50537,-37.89650168,1436.14484,,,,,,,,,,,,687.5305,-13.04850932,170.2635955,,,,,,,,,,
,472.68677,-20.71510168,429.1154378,,,,,,,,,,,,696.1365,-4.44250932,19.73588906,,,,,,,,,,
,481.2622,-12.13967168,147.3716286,,,,,,,,,,,,678.92456,-21.65444932,468.9151754,,,,,,,,,,
,481.2622,-12.13967168,147.3716286,,,,,,,,,,,,704.7119,4.13289068,17.08078537,,,,,,,,,,
,481.2622,-12.13967168,147.3716286,,,,,,,,,,,,696.1365,-4.44250932,19.73588906,,,,,,,,,,
,481.29272,-12.10915168,146.6315545,,,,,,,,,,,,696.1365,-4.44250932,19.73588906,,,,,,,,,,
,481.2622,-12.13967168,147.3716286,,,,,,,,,,,,704.7119,4.13289068,17.08078537,,,,,,,,,,
,489.86816,-3.533711684,12.48711826,,,,,,,,,,,,704.7119,4.13289068,17.08078537,,,,,,,,,,
,464.0808,-29.32107168,859.7252447,,,,,,,,,,,,678.92456,-21.65444932,468.9151754,,,,,,,,,,
,481.2622,-12.13967168,147.3716286,,,,,,,,,,,,678.9551,-21.62390932,467.5934543,,,,,,,,,,
,481.29272,-12.10915168,146.6315545,,,,,,,,,,,,678.92456,-21.65444932,468.9151754,,,,,,,,,,
,481.2622,-12.13967168,147.3716286,,,,,,,,,,,,678.92456,-21.65444932,468.9151754,,,,,,,,,,
,472.65625,-20.74562168,430.380819,,,,,,,,,,,,678.9551,-21.62390932,467.5934543,,,,,,,,,,
,481.29272,-12.10915168,146.6315545,,,,,,,,,,,,713.3179,12.73889068,162.2793358,,,,,,,,,,
,481.2622,-12.13967168,147.3716286,,,,,,,,,,,,687.5305,-13.04850932,170.2635955,,,,,,,,,,
,481.2622,-12.13967168,147.3716286,,,,,,,,,,,,687.5305,-13.04850932,170.2635955,,,,,,,,,,
,489.86816,-3.533711684,12.48711826,,,,,,,,,,,,704.7119,4.13289068,17.08078537,,,,,,,,,,
,472.68677,-20.71510168,429.1154378,,,,,,,,,,,,678.92456,-21.65444932,468.9151754,,,,,,,,,,
,472.68677,-20.71510168,429.1154378,,,,,,,,,,,,687.5305,-13.04850932,170.2635955,,,,,,,,,,
,472.65625,-20.74562168,430.380819,,,,,,,,,,,,687.5305,-13.04850932,170.2635955,,,,,,,,,,
,481.2622,-12.13967168,147.3716286,,,,,,,,,,,,696.1365,-4.44250932,19.73588906,,,,,,,,,,
,472.68677,-20.71510168,429.1154378,,,,,,,,,,,,670.3186,-30.26040932,915.6923722,,,,,,,,,,
,489.86816,-3.533711684,12.48711826,,,,,,,,,,,,678.9551,-21.62390932,467.5934543,,,,,,,,,,
,472.68677,-20.71510168,429.1154378,,,,,,,,,,,,678.92456,-21.65444932,468.9151754,,,,,,,,,,
,507.04956,13.64768832,186.2593964,,,,,,,,,,,,670.3491,-30.22990932,913.8474175,,,,,,,,,,
,498.4436,5.041728316,25.41902442,,,,,,,,,,,,678.92456,-21.65444932,468.9151754,,,,,,,,,,
,498.47412,5.072248316,25.72770298,,,,,,,,,,,,670.3491,-30.22990932,913.8474175,,,,,,,,,,
,481.2622,-12.13967168,147.3716286,,,,,,,,,,,,687.5305,-13.04850932,170.2635955,,,,,,,,,,
,472.68677,-20.71510168,429.1154378,,,,,,,,,,,,678.92456,-21.65444932,468.9151754,,,,,,,,,,
,481.2622,-12.13967168,147.3716286,,,,,,,,,,,,721.9238,21.34479068,455.6000892,,,,,,,,,,
,464.0808,-29.32107168,859.7252447,,,,,,,,,,,,704.7119,4.13289068,17.08078537,,,,,,,,,,
,464.0808,-29.32107168,859.7252447,,,,,,,,,,,,696.10596,-4.47304932,20.00817022,,,,,,,,,,
,472.68677,-20.71510168,429.1154378,,,,,,,,,,,,713.3179,12.73889068,162.2793358,,,,,,,,,,
,472.65625,-20.74562168,430.380819,,,,,,,,,,,,704.7119,4.13289068,17.08078537,,,,,,,,,,
,489.86816,-3.533711684,12.48711826,,,,,,,,,,,,687.5305,-13.04850932,170.2635955,,,,,,,,,,
,489.86816,-3.533711684,12.48711826,,,,,,,,,,,,713.3179,12.73889068,162.2793358,,,,,,,,,,
,481.29272,-12.10915168,146.6315545,,,,,,,,,,,,687.5305,-13.04850932,170.2635955,,,,,,,,,,
,489.83765,-3.564221684,12.70367621,,,,,,,,,,,,678.9551,-21.62390932,467.5934543,,,,,,,,,,
,498.47412,5.072248316,25.72770298,,,,,,,,,,,,687.5305,-13.04850932,170.2635955,,,,,,,,,,
,489.86816,-3.533711684,12.48711826,,,,,,,,,,,,678.92456,-21.65444932,468.9151754,,,,,,,,,,
,481.2622,-12.13967168,147.3716286,,,,,,,,,,,,678.92456,-21.65444932,468.9151754,,,,,,,,,,
,498.47412,5.072248316,25.72770298,,,,,,,,,,,,696.1365,-4.44250932,19.73588906,,,,,,,,,,
,481.2622,-12.13967168,147.3716286,,,,,,,,,,,,704.7119,4.13289068,17.08078537,,,,,,,,,,
,507.04956,13.64768832,186.2593964,,,,,,,,,,,,696.1365,-4.44250932,19.73588906,,,,,,,,,,
,498.47412,5.072248316,25.72770298,,,,,,,,,,,,713.28735,12.70834068,161.5019228,,,,,,,,,,
,489.83765,-3.564221684,12.70367621,,,,,,,,,,,,704.74243,4.16342068,17.33407176,,,,,,,,,,
,481.29272,-12.10915168,146.6315545,,,,,,,,,,,,687.5305,-13.04850932,170.2635955,,,,,,,,,,
,489.86816,-3.533711684,12.48711826,,,,,,,,,,,,687.5305,-13.04850932,170.2635955,,,,,,,,,,
,481.2622,-12.13967168,147.3716286,,,,,,,,,,,,696.10596,-4.47304932,20.00817022,,,,,,,,,,
,472.68677,-20.71510168,429.1154378,,,,,,,,,,,,687.5305,-13.04850932,170.2635955,,,,,,,,,,
,472.65625,-20.74562168,430.380819,,,,,,,,,,,,678.9551,-21.62390932,467.5934543,,,,,,,,,,
,472.68677,-20.71510168,429.1154378,,,,,,,,,,,,704.7119,4.13289068,17.08078537,,,,,,,,,,
,489.86816,-3.533711684,12.48711826,,,,,,,,,,,,687.5,-13.07900932,171.0604848,,,,,,,,,,
,489.86816,-3.533711684,12.48711826,,,,,,,,,,,,670.3491,-30.22990932,913.8474175,,,,,,,,,,
,489.86816,-3.533711684,12.48711826,,,,,,,,,,,,704.7119,4.13289068,17.08078537,,,,,,,,,,
,472.65625,-20.74562168,430.380819,,,,,,,,,,,,687.56104,-13.01796932,169.4675252,,,,,,,,,,
,498.47412,5.072248316,25.72770298,,,,,,,,,,,,687.5,-13.07900932,171.0604848,,,,,,,,,,
,498.4436,5.041728316,25.41902442,,,,,,,,,,,,721.9238,21.34479068,455.6000892,,,,,,,,,,
,515.6555,22.25362832,495.2239732,,,,,,,,,,,,704.7119,4.13289068,17.08078537,,,,,,,,,,
,498.4436,5.041728316,25.41902442,,,,,,,,,,,,687.56104,-13.01796932,169.4675252,,,,,,,,,,
,507.08008,13.67820832,187.0933827,,,,,,,,,,,,713.25684,12.67783068,160.7273907,,,,,,,,,,
,515.625,22.22312832,493.8674322,,,,,,,,,,,,687.56104,-13.01796932,169.4675252,,,,,,,,,,
,498.47412,5.072248316,25.72770298,,,,,,,,,,,,670.3491,-30.22990932,913.8474175,,,,,,,,,,
,489.86816,-3.533711684,12.48711826,,,,,,,,,,,,687.5,-13.07900932,171.0604848,,,,,,,,,,
,464.0808,-29.32107168,859.7252447,,,,,,,,,,,,687.56104,-13.01796932,169.4675252,,,,,,,,,,
,489.86816,-3.533711684,12.48711826,,,,,,,,,,,,678.89404,-21.68496932,470.2378944,,,,,,,,,,
,498.4436,5.041728316,25.41902442,,,,,,,,,,,,696.167,-4.41200932,19.46582624,,,,,,,,,,
,481.2622,-12.13967168,147.3716286,,,,,,,,,,,,687.5,-13.07900932,171.0604848,,,,,,,,,,
,489.86816,-3.533711684,12.48711826,,,,,,,,,,,,687.56104,-13.01796932,169.4675252,,,,,,,,,,
,507.04956,13.64768832,186.2593964,,,,,,,,,,,,696.10596,-4.47304932,20.00817022,,,,,,,,,,
,507.08008,13.67820832,187.0933827,,,,,,,,,,,,687.5,-13.07900932,171.0604848,,,,,,,,,,
,489.83765,-3.564221684,12.70367621,,,,,,,,,,,,704.77295,4.19394068,17.58913843,,,,,,,,,,
,498.47412,5.072248316,25.72770298,,,,,,,,,,,,696.10596,-4.47304932,20.00817022,,,,,,,,,,
,507.04956,13.64768832,186.2593964,,,,,,,,,,,,696.10596,-4.47304932,20.00817022,,,,,,,,,,
,481.2622,-12.13967168,147.3716286,,,,,,,,,,,,678.9551,-21.62390932,467.5934543,,,,,,,,,,
,515.6555,22.25362832,495.2239732,,,,,,,,,,,,678.9551,-21.62390932,467.5934543,,,,,,,,,,
,498.47412,5.072248316,25.72770298,,,,,,,,,,,,678.89404,-21.68496932,470.2378944,,,,,,,,,,
,507.04956,13.64768832,186.2593964,,,,,,,,,,,,687.56104,-13.01796932,169.4675252,,,,,,,,,,
,507.04956,13.64768832,186.2593964,,,,,,,,,,,,678.89404,-21.68496932,470.2378944,,,,,,,,,,
,507.04956,13.64768832,186.2593964,,,,,,,,,,,,687.56104,-13.01796932,169.4675252,,,,,,,,,,
,498.4436,5.041728316,25.41902442,,,,,,,,,,,,696.10596,-4.47304932,20.00817022,,,,,,,,,,
,489.86816,-3.533711684,12.48711826,,,,,,,,,,,,687.56104,-13.01796932,169.4675252,,,,,,,,,,
,472.68677,-20.71510168,429.1154378,,,,,,,,,,,,696.10596,-4.47304932,20.00817022,,,,,,,,,,
,472.68677,-20.71510168,429.1154378,,,,,,,,,,,,696.10596,-4.47304932,20.00817022,,,,,,,,,,
,507.04956,13.64768832,186.2593964,,,,,,,,,,,,687.56104,-13.01796932,169.4675252,,,,,,,,,,
,498.4436,5.041728316,25.41902442,,,,,,,,,,,,687.5,-13.07900932,171.0604848,,,,,,,,,,
,481.29272,-12.10915168,146.6315545,,,,,,,,,,,,678.9551,-21.62390932,467.5934543,,,,,,,,,,
,507.04956,13.64768832,186.2593964,,,,,,,,,,,,678.9551,-21.62390932,467.5934543,,,,,,,,,,
,498.4436,5.041728316,25.41902442,,,,,,,,,,,,670.2881,-30.29090932,917.5391874,,,,,,,,,,
,498.47412,5.072248316,25.72770298,,,,,,,,,,,,678.9551,-21.62390932,467.5934543,,,,,,,,,,
,481.2622,-12.13967168,147.3716286,,,,,,,,,,,,670.3491,-30.22990932,913.8474175,,,,,,,,,,
,489.86816,-3.533711684,12.48711826,,,,,,,,,,,,687.5,-13.07900932,171.0604848,,,,,,,,,,
,524.23096,30.82908832,950.4326864,,,,,,,,,,,,670.3491,-30.22990932,913.8474175,,,,,,,,,,
,524.23096,30.82908832,950.4326864,,,,,,,,,,,,687.56104,-13.01796932,169.4675252,,,,,,,,,,
,515.6555,22.25362832,495.2239732,,,,,,,,,,,,687.5,-13.07900932,171.0604848,,,,,,,,,,
,515.6555,22.25362832,495.2239732,,,,,,,,,,,,704.7119,4.13289068,17.08078537,,,,,,,,,,
,515.6555,22.25362832,495.2239732,,,,,,,,,,,,696.167,-4.41200932,19.46582624,,,,,,,,,,
,524.23096,30.82908832,950.4326864,,,,,,,,,,,,687.5,-13.07900932,171.0604848,,,,,,,,,,
,507.04956,13.64768832,186.2593964,,,,,,,,,,,,678.9551,-21.62390932,467.5934543,,,,,,,,,,
,507.04956,13.64768832,186.2593964,,,,,,,,,,,,653.1372,-47.44180932,2250.725272,,,,,,,,,,
,515.6555,22.25362832,495.2239732,,,,,,,,,,,,635.9863,-64.59270932,4172.218097,,,,,,,,,,
,507.04956,13.64768832,186.2593964,,,,,,,,,,,,670.3491,-30.22990932,913.8474175,,,,,,,,,,
,498.47412,5.072248316,25.72770298,,,,,,,,,,,,687.5,-13.07900932,171.0604848,,,,,,,,,,
,498.4436,5.041728316,25.41902442,,,,,,,,,,,,678.9551,-21.62390932,467.5934543,,,,,,,,,,
,498.47412,5.072248316,25.72770298,,,,,,,,,,,,670.3491,-30.22990932,913.8474175,,,,,,,,,,
,498.4436,5.041728316,25.41902442,,,,,,,,,,,,678.89404,-21.68496932,470.2378944,,,,,,,,,,
,507.04956,13.64768832,186.2593964,,,,,,,,,,,,696.167,-4.41200932,19.46582624,,,,,,,,,,
,507.04956,13.64768832,186.2593964,,,,,,,,,,,,678.89404,-21.68496932,470.2378944,,,,,,,,,,
,489.86816,-3.533711684,12.48711826,,,,,,,,,,,,704.7119,4.13289068,17.08078537,,,,,,,,,,
,515.6555,22.25362832,495.2239732,,,,,,,,,,,,696.167,-4.41200932,19.46582624,,,,,,,,,,
,524.23096,30.82908832,950.4326864,,,,,,,,,,,,670.3491,-30.22990932,913.8474175,,,,,,,,,,
,507.04956,13.64768832,186.2593964,,,,,,,,,,,,653.1372,-47.44180932,2250.725272,,,,,,,,,,
,498.47412,5.072248316,25.72770298,,,,,,,,,,,,678.9551,-21.62390932,467.5934543,,,,,,,,,,
,515.6555,22.25362832,495.2239732,,,,,,,,,,,,661.74316,-38.83584932,1508.223192,,,,,,,,,,
,515.625,22.22312832,493.8674322,,,,,,,,,,,,661.74316,-38.83584932,1508.223192,,,,,,,,,,
,507.04956,13.64768832,186.2593964,,,,,,,,,,,,687.5,-13.07900932,171.0604848,,,,,,,,,,
,498.47412,5.072248316,25.72770298,,,,,,,,,,,,687.56104,-13.01796932,169.4675252,,,,,,,,,,
,507.04956,13.64768832,186.2593964,,,,,,,,,,,,678.89404,-21.68496932,470.2378944,,,,,,,,,,
,507.04956,13.64768832,186.2593964,,,,,,,,,,,,678.9551,-21.62390932,467.5934543,,,,,,,,,,
,515.6555,22.25362832,495.2239732,,,,,,,,,,,,687.5,-13.07900932,171.0604848,,,,,,,,,,
,489.86816,-3.533711684,12.48711826,,,,,,,,,,,,670.3491,-30.22990932,913.8474175,,,,,,,,,,
,507.04956,13.64768832,186.2593964,,,,,,,,,,,,670.3491,-30.22990932,913.8474175,,,,,,,,,,
,515.6555,22.25362832,495.2239732,,,,,,,,,,,,696.167,-4.41200932,19.46582624,,,,,,,,,,
,498.4436,5.041728316,25.41902442,,,,,,,,,,,,670.2881,-30.29090932,917.5391874,,,,,,,,,,
,489.86816,-3.533711684,12.48711826,,,,,,,,,,,,653.19824,-47.38076932,2244.937301,,,,,,,,,,
,498.47412,5.072248316,25.72770298,,,,,,,,,,,,670.3491,-30.22990932,913.8474175,,,,,,,,,,
,489.83765,-3.564221684,12.70367621,,,,,,,,,,,,670.2881,-30.29090932,917.5391874,,,,,,,,,,
,489.86816,-3.533711684,12.48711826,,,,,,,,,,,,653.19824,-47.38076932,2244.937301,,,,,,,,,,
,507.04956,13.64768832,186.2593964,,,,,,,,,,,,670.3491,-30.22990932,913.8474175,,,,,,,,,,
,489.86816,-3.533711684,12.48711826,,,,,,,,,,,,687.5,-13.07900932,171.0604848,,,,,,,,,,
,507.04956,13.64768832,186.2593964,,,,,,,,,,,,661.74316,-38.83584932,1508.223192,,,,,,,,,,
,532.8369,39.43502832,1555.121458,,,,,,,,,,,,687.56104,-13.01796932,169.4675252,,,,,,,,,,
,507.08008,13.67820832,187.0933827,,,,,,,,,,,,704.7119,4.13289068,17.08078537,,,,,,,,,,
,507.04956,13.64768832,186.2593964,,,,,,,,,,,,678.89404,-21.68496932,470.2378944,,,,,,,,,,
,498.4436,5.041728316,25.41902442,,,,,,,,,,,,,,,,,,,,,,,,
,498.47412,5.072248316,25.72770298,,,,,,,,,,,,,,,,,,,,,,,,
,489.86816,-3.533711684,12.48711826,,,,,,,,,,,,,,,,,,,,,,,,
,481.2622,-12.13967168,147.3716286,,,,,,,,,,,,,,,,,,,,,,,,
,472.65625,-20.74562168,430.380819,,,,,,,,,,,,,,,,,,,,,,,,
,489.86816,-3.533711684,12.48711826,,,,,,,,,,,,,,,,,,,,,,,,
,507.04956,13.64768832,186.2593964,,,,,,,,,,,,,,,,,,,,,,,,
,489.86816,-3.533711684,12.48711826,,,,,,,,,,,,,,,,,,,,,,,,
,507.08008,13.67820832,187.0933827,,,,,,,,,,,,,,,,,,,,,,,,
,507.04956,13.64768832,186.2593964,,,,,,,,,,,,,,,,,,,,,,,,
,472.65625,-20.74562168,430.380819,,,,,,,,,,,,,,,,,,,,,,,,
,515.6555,22.25362832,495.2239732,,,,,,,,,,,,,,,,,,,,,,,,
,472.68677,-20.71510168,429.1154378,,,,,,,,,,,,,,,,,,,,,,,,
,472.65625,-20.74562168,430.380819,,,,,,,,,,,,,,,,,,,,,,,,
,498.47412,5.072248316,25.72770298,,,,,,,,,,,,,,,,,,,,,,,,
,489.86816,-3.533711684,12.48711826,,,,,,,,,,,,,,,,,,,,,,,,
,507.04956,13.64768832,186.2593964,,,,,,,,,,,,,,,,,,,,,,,,
,507.04956,13.64768832,186.2593964,,,,,,,,,,,,,,,,,,,,,,,,
,498.4436,5.041728316,25.41902442,,,,,,,,,,,,,,,,,,,,,,,,
,507.08008,13.67820832,187.0933827,,,,,,,,,,,,,,,,,,,,,,,,
,498.4436,5.041728316,25.41902442,,,,,,,,,,,,,,,,,,,,,,,,
,489.86816,-3.533711684,12.48711826,,,,,,,,,,,,,,,,,,,,,,,,
,481.2622,-12.13967168,147.3716286,,,,,,,,,,,,,,,,,,,,,,,,
,481.29272,-12.10915168,146.6315545,,,,,,,,,,,,,,,,,,,,,,,,
,489.83765,-3.564221684,12.70367621,,,,,,,,,,,,,,,,,,,,,,,,
,481.29272,-12.10915168,146.6315545,,,,,,,,,,,,,,,,,,,,,,,,
,489.86816,-3.533711684,12.48711826,,,,,,,,,,,,,,,,,,,,,,,,
,489.86816,-3.533711684,12.48711826,,,,,,,,,,,,,,,,,,,,,,,,
,489.83765,-3.564221684,12.70367621,,,,,,,,,,,,,,,,,,,,,,,,
,515.6555,22.25362832,495.2239732,,,,,,,,,,,,,,,,,,,,,,,,
,498.47412,5.072248316,25.72770298,,,,,,,,,,,,,,,,,,,,,,,,
,481.2622,-12.13967168,147.3716286,,,,,,,,,,,,,,,,,,,,,,,,
,507.04956,13.64768832,186.2593964,,,,,,,,,,,,,,,,,,,,,,,,
,498.47412,5.072248316,25.72770298,,,,,,,,,,,,,,,,,,,,,,,,
,481.2622,-12.13967168,147.3716286,,,,,,,,,,,,,,,,,,,,,,,,
,472.65625,-20.74562168,430.380819,,,,,,,,,,,,,,,,,,,,,,,,
,481.29272,-12.10915168,146.6315545,,,,,,,,,,,,,,,,,,,,,,,,
,481.2622,-12.13967168,147.3716286,,,,,,,,,,,,,,,,,,,,,,,,
,481.2622,-12.13967168,147.3716286,,,,,,,,,,,,,,,,,,,,,,,,
,481.29272,-12.10915168,146.6315545,,,,,,,,,,,,,,,,,,,,,,,,
,481.2622,-12.13967168,147.3716286,,,,,,,,,,,,,,,,,,,,,,,,
,498.4436,5.041728316,25.41902442,,,,,,,,,,,,,,,,,,,,,,,,
,489.86816,-3.533711684,12.48711826,,,,,,,,,,,,,,,,,,,,,,,,
,472.68677,-20.71510168,429.1154378,,,,,,,,,,,,,,,,,,,,,,,,
,481.2622,-12.13967168,147.3716286,,,,,,,,,,,,,,,,,,,,,,,,
,481.2622,-12.13967168,147.3716286,,,,,,,,,,,,,,,,,,,,,,,,
,489.86816,-3.533711684,12.48711826,,,,,,,,,,,,,,,,,,,,,,,,
,498.47412,5.072248316,25.72770298,,,,,,,,,,,,,,,,,,,,,,,,
,489.86816,-3.533711684,12.48711826,,,,,,,,,,,,,,,,,,,,,,,,
,507.04956,13.64768832,186.2593964,,,,,,,,,,,,,,,,,,,,,,,,
,507.04956,13.64768832,186.2593964,,,,,,,,,,,,,,,,,,,,,,,,
,507.04956,13.64768832,186.2593964,,,,,,,,,,,,,,,,,,,,,,,,
,498.47412,5.072248316,25.72770298,,,,,,,,,,,,,,,,,,,,,,,,
,464.0808,-29.32107168,859.7252447,,,,,,,,,,,,,,,,,,,,,,,,
,481.2622,-12.13967168,147.3716286,,,,,,,,,,,,,,,,,,,,,,,,
,481.2622,-12.13967168,147.3716286,,,,,,,,,,,,,,,,,,,,,,,,
,464.0808,-29.32107168,859.7252447,,,,,,,,,,,,,,,,,,,,,,,,
,472.68677,-20.71510168,429.1154378,,,,,,,,,,,,,,,,,,,,,,,,
,472.68677,-20.71510168,429.1154378,,,,,,,,,,,,,,,,,,,,,,,,
,481.2622,-12.13967168,147.3716286,,,,,,,,,,,,,,,,,,,,,,,,
,489.86816,-3.533711684,12.48711826,,,,,,,,,,,,,,,,,,,,,,,,
,507.04956,13.64768832,186.2593964,,,,,,,,,,,,,,,,,,,,,,,,
,481.2622,-12.13967168,147.3716286,,,,,,,,,,,,,,,,,,,,,,,,
,464.0808,-29.32107168,859.7252447,,,,,,,,,,,,,,,,,,,,,,,,
,481.29272,-12.10915168,146.6315545,,,,,,,,,,,,,,,,,,,,,,,,
,489.83765,-3.564221684,12.70367621,,,,,,,,,,,,,,,,,,,,,,,,
,507.08008,13.67820832,187.0933827,,,,,,,,,,,,,,,,,,,,,,,,
,481.2622,-12.13967168,147.3716286,,,,,,,,,,,,,,,,,,,,,,,,
,498.4436,5.041728316,25.41902442,,,,,,,,,,,,,,,,,,,,,,,,
,524.2615,30.85962832,952.3166598,,,,,,,,,,,,,,,,,,,,,,,,
,498.4436,5.041728316,25.41902442,,,,,,,,,,,,,,,,,,,,,,,,
,472.68677,-20.71510168,429.1154378,,,,,,,,,,,,,,,,,,,,,,,,
,464.0808,-29.32107168,859.7252447,,,,,,,,,,,,,,,,,,,,,,,,
,481.2622,-12.13967168,147.3716286,,,,,,,,,,,,,,,,,,,,,,,,
,472.68677,-20.71510168,429.1154378,,,,,,,,,,,,,,,,,,,,,,,,
,464.0808,-29.32107168,859.7252447,,,,,,,,,,,,,,,,,,,,,,,,
,472.68677,-20.71510168,429.1154378,,,,,,,,,,,,,,,,,,,,,,,,
,481.2622,-12.13967168,147.3716286,,,,,,,,,,,,,,,,,,,,,,,,
,507.04956,13.64768832,186.2593964,,,,,,,,,,,,,,,,,,,,,,,,
,498.4436,5.041728316,25.41902442,,,,,,,,,,,,,,,,,,,,,,,,
,481.29272,-12.10915168,146.6315545,,,,,,,,,,,,,,,,,,,,,,,,
,498.4436,5.041728316,25.41902442,,,,,,,,,,,,,,,,,,,,,,,,
,464.0808,-29.32107168,859.7252447,,,,,,,,,,,,,,,,,,,,,,,,
,481.29272,-12.10915168,146.6315545,,,,,,,,,,,,,,,,,,,,,,,,
,489.83765,-3.564221684,12.70367621,,,,,,,,,,,,,,,,,,,,,,,,
,472.68677,-20.71510168,429.1154378,,,,,,,,,,,,,,,,,,,,,,,,
,481.2622,-12.13967168,147.3716286,,,,,,,,,,,,,,,,,,,,,,,,
,489.86816,-3.533711684,12.48711826,,,,,,,,,,,,,,,,,,,,,,,,
,498.47412,5.072248316,25.72770298,,,,,,,,,,,,,,,,,,,,,,,,
,481.2622,-12.13967168,147.3716286,,,,,,,,,,,,,,,,,,,,,,,,
,481.2622,-12.13967168,147.3716286,,,,,,,,,,,,,,,,,,,,,,,,
,472.68677,-20.71510168,429.1154378,,,,,,,,,,,,,,,,,,,,,,,,
,464.0808,-29.32107168,859.7252447,,,,,,,,,,,,,,,,,,,,,,,,
,489.86816,-3.533711684,12.48711826,,,,,,,,,,,,,,,,,,,,,,,,
,464.0808,-29.32107168,859.7252447,,,,,,,,,,,,,,,,,,,,,,,,
,464.0808,-29.32107168,859.7252447,,,,,,,,,,,,,,,,,,,,,,,,
,472.68677,-20.71510168,429.1154378,,,,,,,,,,,,,,,,,,,,,,,,
,472.65625,-20.74562168,430.380819,,,,,,,,,,,,,,,,,,,,,,,,
,481.29272,-12.10915168,146.6315545,,,,,,,,,,,,,,,,,,,,,,,,
,472.65625,-20.74562168,430.380819,,,,,,,,,,,,,,,,,,,,,,,,
,481.29272,-12.10915168,146.6315545,,,,,,,,,,,,,,,,,,,,,,,,
,524.23096,30.82908832,950.4326864,,,,,,,,,,,,,,,,,,,,,,,,
,507.04956,13.64768832,186.2593964,,,,,,,,,,,,,,,,,,,,,,,,
,498.47412,5.072248316,25.72770298,,,,,,,,,,,,,,,,,,,,,,,,
,481.2622,-12.13967168,147.3716286,,,,,,,,,,,,,,,,,,,,,,,,
,507.04956,13.64768832,186.2593964,,,,,,,,,,,,,,,,,,,,,,,,
,498.4436,5.041728316,25.41902442,,,,,,,,,,,,,,,,,,,,,,,,
,489.86816,-3.533711684,12.48711826,,,,,,,,,,,,,,,,,,,,,,,,
,481.29272,-12.10915168,146.6315545,,,,,,,,,,,,,,,,,,,,,,,,
,489.86816,-3.533711684,12.48711826,,,,,,,,,,,,,,,,,,,,,,,,
,515.625,22.22312832,493.8674322,,,,,,,,,,,,,,,,,,,,,,,,
,489.86816,-3.533711684,12.48711826,,,,,,,,,,,,,,,,,,,,,,,,
,472.68677,-20.71510168,429.1154378,,,,,,,,,,,,,,,,,,,,,,,,
,481.2622,-12.13967168,147.3716286,,,,,,,,,,,,,,,,,,,,,,,,
,481.2622,-12.13967168,147.3716286,,,,,,,,,,,,,,,,,,,,,,,,
,472.68677,-20.71510168,429.1154378,,,,,,,,,,,,,,,,,,,,,,,,
,481.2622,-12.13967168,147.3716286,,,,,,,,,,,,,,,,,,,,,,,,
,498.47412,5.072248316,25.72770298,,,,,,,,,,,,,,,,,,,,,,,,
,472.68677,-20.71510168,429.1154378,,,,,,,,,,,,,,,,,,,,,,,,
,498.4436,5.041728316,25.41902442,,,,,,,,,,,,,,,,,,,,,,,,
,498.47412,5.072248316,25.72770298,,,,,,,,,,,,,,,,,,,,,,,,
,489.83765,-3.564221684,12.70367621,,,,,,,,,,,,,,,,,,,,,,,,
,481.29272,-12.10915168,146.6315545,,,,,,,,,,,,,,,,,,,,,,,,
,489.86816,-3.533711684,12.48711826,,,,,,,,,,,,,,,,,,,,,,,,
,481.2622,-12.13967168,147.3716286,,,,,,,,,,,,,,,,,,,,,,,,
,472.68677,-20.71510168,429.1154378,,,,,,,,,,,,,,,,,,,,,,,,
,472.65625,-20.74562168,430.380819,,,,,,,,,,,,,,,,,,,,,,,,
,481.2622,-12.13967168,147.3716286,,,,,,,,,,,,,,,,,,,,,,,,
,481.29272,-12.10915168,146.6315545,,,,,,,,,,,,,,,,,,,,,,,,
,507.04956,13.64768832,186.2593964,,,,,,,,,,,,,,,,,,,,,,,,
,464.0808,-29.32107168,859.7252447,,,,,,,,,,,,,,,,,,,,,,,,
,481.2622,-12.13967168,147.3716286,,,,,,,,,,,,,,,,,,,,,,,,
,481.2622,-12.13967168,147.3716286,,,,,,,,,,,,,,,,,,,,,,,,
,472.68677,-20.71510168,429.1154378,,,,,,,,,,,,,,,,,,,,,,,,
,464.0808,-29.32107168,859.7252447,,,,,,,,,,,,,,,,,,,,,,,,
,464.0808,-29.32107168,859.7252447,,,,,,,,,,,,,,,,,,,,,,,,
,455.50537,-37.89650168,1436.14484,,,,,,,,,,,,,,,,,,,,,,,,
,455.47485,-37.92702168,1438.458974,,,,,,,,,,,,,,,,,,,,,,,,
,481.2622,-12.13967168,147.3716286,,,,,,,,,,,,,,,,,,,,,,,,
,481.29272,-12.10915168,146.6315545,,,,,,,,,,,,,,,,,,,,,,,,
,464.0808,-29.32107168,859.7252447,,,,,,,,,,,,,,,,,,,,,,,,
,481.2622,-12.13967168,147.3716286,,,,,,,,,,,,,,,,,,,,,,,,
,489.86816,-3.533711684,12.48711826,,,,,,,,,,,,,,,,,,,,,,,,
,481.2622,-12.13967168,147.3716286,,,,,,,,,,,,,,,,,,,,,,,,
,455.50537,-37.89650168,1436.14484,,,,,,,,,,,,,,,,,,,,,,,,
,455.47485,-37.92702168,1438.458974,,,,,,,,,,,,,,,,,,,,,,,,
,472.68677,-20.71510168,429.1154378,,,,,,,,,,,,,,,,,,,,,,,,
,455.47485,-37.92702168,1438.458974,,,,,,,,,,,,,,,,,,,,,,,,
,472.68677,-20.71510168,429.1154378,,,,,,,,,,,,,,,,,,,,,,,,
,464.0808,-29.32107168,859.7252447,,,,,,,,,,,,,,,,,,,,,,,,
,455.47485,-37.92702168,1438.458974,,,,,,,,,,,,,,,,,,,,,,,,
,472.68677,-20.71510168,429.1154378,,,,,,,,,,,,,,,,,,,,,,,,
,464.0808,-29.32107168,859.7252447,,,,,,,,,,,,,,,,,,,,,,,,
,455.50537,-37.89650168,1436.14484,,,,,,,,,,,,,,,,,,,,,,,,
,455.47485,-37.92702168,1438.458974,,,,,,,,,,,,,,,,,,,,,,,,
,464.0808,-29.32107168,859.7252447,,,,,,,,,,,,,,,,,,,,,,,,
,464.0808,-29.32107168,859.7252447,,,,,,,,,,,,,,,,,,,,,,,,
,455.50537,-37.89650168,1436.14484,,,,,,,,,,,,,,,,,,,,,,,,
,464.0808,-29.32107168,859.7252447,,,,,,,,,,,,,,,,,,,,,,,,
,472.65625,-20.74562168,430.380819,,,,,,,,,,,,,,,,,,,,,,,,
,472.68677,-20.71510168,429.1154378,,,,,,,,,,,,,,,,,,,,,,,,
,472.68677,-20.71510168,429.1154378,,,,,,,,,,,,,,,,,,,,,,,,
,481.2622,-12.13967168,147.3716286,,,,,,,,,,,,,,,,,,,,,,,,
,464.0808,-29.32107168,859.7252447,,,,,,,,,,,,,,,,,,,,,,,,
,455.47485,-37.92702168,1438.458974,,,,,,,,,,,,,,,,,,,,,,,,
,464.0808,-29.32107168,859.7252447,,,,,,,,,,,,,,,,,,,,,,,,
,472.68677,-20.71510168,429.1154378,,,,,,,,,,,,,,,,,,,,,,,,
,464.0808,-29.32107168,859.7252447,,,,,,,,,,,,,,,,,,,,,,,,
,455.50537,-37.89650168,1436.14484,,,,,,,,,,,,,,,,,,,,,,,,
,472.65625,-20.74562168,430.380819,,,,,,,,,,,,,,,,,,,,,,,,
,472.68677,-20.71510168,429.1154378,,,,,,,,,,,,,,,,,,,,,,,,
,472.68677,-20.71510168,429.1154378,,,,,,,,,,,,,,,,,,,,,,,,
,464.0808,-29.32107168,859.7252447,,,,,,,,,,,,,,,,,,,,,,,,
,472.65625,-20.74562168,430.380819,,,,,,,,,,,,,,,,,,,,,,,,
,455.50537,-37.89650168,1436.14484,,,,,,,,,,,,,,,,,,,,,,,,
,472.65625,-20.74562168,430.380819,,,,,,,,,,,,,,,,,,,,,,,,
,472.68677,-20.71510168,429.1154378,,,,,,,,,,,,,,,,,,,,,,,,
,455.50537,-37.89650168,1436.14484,,,,,,,,,,,,,,,,,,,,,,,,
,464.0808,-29.32107168,859.7252447,,,,,,,,,,,,,,,,,,,,,,,,
,489.83765,-3.564221684,12.70367621,,,,,,,,,,,,,,,,,,,,,,,,
,472.68677,-20.71510168,429.1154378,,,,,,,,,,,,,,,,,,,,,,,,
,481.2622,-12.13967168,147.3716286,,,,,,,,,,,,,,,,,,,,,,,,
,472.68677,-20.71510168,429.1154378,,,,,,,,,,,,,,,,,,,,,,,,
,472.68677,-20.71510168,429.1154378,,,,,,,,,,,,,,,,,,,,,,,,
,464.0808,-29.32107168,859.7252447,,,,,,,,,,,,,,,,,,,,,,,,
,446.8994,-46.50247168,2162.479873,,,,,,,,,,,,,,,,,,,,,,,,
,455.47485,-37.92702168,1438.458974,,,,,,,,,,,,,,,,,,,,,,,,
,464.0808,-29.32107168,859.7252447,,,,,,,,,,,,,,,,,,,,,,,,
,446.8994,-46.50247168,2162.479873,,,,,,,,,,,,,,,,,,,,,,,,
,464.0808,-29.32107168,859.7252447,,,,,,,,,,,,,,,,,,,,,,,,
,464.0808,-29.32107168,859.7252447,,,,,,,,,,,,,,,,,,,,,,,,
,472.68677,-20.71510168,429.1154378,,,,,,,,,,,,,,,,,,,,,,,,
,472.65625,-20.74562168,430.380819,,,,,,,,,,,,,,,,,,,,,,,,
,464.0808,-29.32107168,859.7252447,,,,,,,,,,,,,,,,,,,,,,,,
,481.29272,-12.10915168,146.6315545,,,,,,,,,,,,,,,,,,,,,,,,
,464.0808,-29.32107168,859.7252447,,,,,,,,,,,,,,,,,,,,,,,,
,481.2622,-12.13967168,147.3716286,,,,,,,,,,,,,,,,,,,,,,,,
,472.68677,-20.71510168,429.1154378,,,,,,,,,,,,,,,,,,,,,,,,
,472.65625,-20.74562168,430.380819,,,,,,,,,,,,,,,,,,,,,,,,
,472.7173,-20.68457168,427.8515057,,,,,,,,,,,,,,,,,,,,,,,,
,472.65625,-20.74562168,430.380819,,,,,,,,,,,,,,,,,,,,,,,,
,472.65625,-20.74562168,430.380819,,,,,,,,,,,,,,,,,,,,,,,,
,464.11133,-29.29054168,857.9358321,,,,,,,,,,,,,,,,,,,,,,,,
,464.0503,-29.35157168,861.5147603,,,,,,,,,,,,,,,,,,,,,,,,
,464.11133,-29.29054168,857.9358321,,,,,,,,,,,,,,,,,,,,,,,,
,455.50537,-37.89650168,1436.14484,,,,,,,,,,,,,,,,,,,,,,,,
,464.0503,-29.35157168,861.5147603,,,,,,,,,,,,,,,,,,,,,,,,
,455.50537,-37.89650168,1436.14484,,,,,,,,,,,,,,,,,,,,,,,,
,464.0503,-29.35157168,861.5147603,,,,,,,,,,,,,,,,,,,,,,,,
,472.7173,-20.68457168,427.8515057,,,,,,,,,,,,,,,,,,,,,,,,
,472.65625,-20.74562168,430.380819,,,,,,,,,,,,,,,,,,,,,,,,
,455.50537,-37.89650168,1436.14484,,,,,,,,,,,,,,,,,,,,,,,,
,472.65625,-20.74562168,430.380819,,,,,,,,,,,,,,,,,,,,,,,,
,489.86816,-3.533711684,12.48711826,,,,,,,,,,,,,,,,,,,,,,,,
,498.47412,5.072248316,25.72770298,,,,,,,,,,,,,,,,,,,,,,,,
,472.65625,-20.74562168,430.380819,,,,,,,,,,,,,,,,,,,,,,,,
,489.86816,-3.533711684,12.48711826,,,,,,,,,,,,,,,,,,,,,,,,
,498.47412,5.072248316,25.72770298,,,,,,,,,,,,,,,,,,,,,,,,
,464.0503,-29.35157168,861.5147603,,,,,,,,,,,,,,,,,,,,,,,,
,472.7173,-20.68457168,427.8515057,,,,,,,,,,,,,,,,,,,,,,,,
,455.44434,-37.95753168,1440.774212,,,,,,,,,,,,,,,,,,,,,,,,
,464.11133,-29.29054168,857.9358321,,,,,,,,,,,,,,,,,,,,,,,,
,464.0503,-29.35157168,861.5147603,,,,,,,,,,,,,,,,,,,,,,,,
,472.7173,-20.68457168,427.8515057,,,,,,,,,,,,,,,,,,,,,,,,
,464.0503,-29.35157168,861.5147603,,,,,,,,,,,,,,,,,,,,,,,,
,472.7173,-20.68457168,427.8515057,,,,,,,,,,,,,,,,,,,,,,,,
,481.2622,-12.13967168,147.3716286,,,,,,,,,,,,,,,,,,,,,,,,
,481.2622,-12.13967168,147.3716286,,,,,,,,,,,,,,,,,,,,,,,,
,464.0503,-29.35157168,861.5147603,,,,,,,,,,,,,,,,,,,,,,,,
,481.32324,-12.07863168,145.8933433,,,,,,,,,,,,,,,,,,,,,,,,
,472.65625,-20.74562168,430.380819,,,,,,,,,,,,,,,,,,,,,,,,
,472.65625,-20.74562168,430.380819,,,,,,,,,,,,,,,,,,,,,,,,
,498.47412,5.072248316,25.72770298,,,,,,,,,,,,,,,,,,,,,,,,
,481.2622,-12.13967168,147.3716286,,,,,,,,,,,,,,,,,,,,,,,,
,472.65625,-20.74562168,430.380819,,,,,,,,,,,,,,,,,,,,,,,,
,481.32324,-12.07863168,145.8933433,,,,,,,,,,,,,,,,,,,,,,,,
,489.80713,-3.594741684,12.92216777,,,,,,,,,,,,,,,,,,,,,,,,
,472.7173,-20.68457168,427.8515057,,,,,,,,,,,,,,,,,,,,,,,,
,455.50537,-37.89650168,1436.14484,,,,,,,,,,,,,,,,,,,,,,,,
,455.44434,-37.95753168,1440.774212,,,,,,,,,,,,,,,,,,,,,,,,
,455.50537,-37.89650168,1436.14484,,,,,,,,,,,,,,,,,,,,,,,,
,472.65625,-20.74562168,430.380819,,,,,,,,,,,,,,,,,,,,,,,,
,481.2622,-12.13967168,147.3716286,,,,,,,,,,,,,,,,,,,,,,,,
,472.7173,-20.68457168,427.8515057,,,,,,,,,,,,,,,,,,,,,,,,
,464.0503,-29.35157168,861.5147603,,,,,,,,,,,,,,,,,,,,,,,,
,464.11133,-29.29054168,857.9358321,,,,,,,,,,,,,,,,,,,,,,,,
,472.65625,-20.74562168,430.380819,,,,,,,,,,,,,,,,,,,,,,,,
,472.7173,-20.68457168,427.8515057,,,,,,,,,,,,,,,,,,,,,,,,
,438.29346,-55.10841168,3036.937038,,,,,,,,,,,,,,,,,,,,,,,,
,464.0503,-29.35157168,861.5147603,,,,,,,,,,,,,,,,,,,,,,,,
,507.08008,13.67820832,187.0933827,,,,,,,,,,,,,,,,,,,,,,,,
,498.4131,5.011228316,25.11240924,,,,,,,,,,,,,,,,,,,,,,,,
,481.32324,-12.07863168,145.8933433,,,,,,,,,,,,,,,,,,,,,,,,
,489.86816,-3.533711684,12.48711826,,,,,,,,,,,,,,,,,,,,,,,,
,498.4131,5.011228316,25.11240924,,,,,,,,,,,,,,,,,,,,,,,,
,498.47412,5.072248316,25.72770298,,,,,,,,,,,,,,,,,,,,,,,,
,489.86816,-3.533711684,12.48711826,,,,,,,,,,,,,,,,,,,,,,,,
,472.65625,-20.74562168,430.380819,,,,,,,,,,,,,,,,,,,,,,,,
,472.7173,-20.68457168,427.8515057,,,,,,,,,,,,,,,,,,,,,,,,
,472.65625,-20.74562168,430.380819,,,,,,,,,,,,,,,,,,,,,,,,
,472.65625,-20.74562168,430.380819,,,,,,,,,,,,,,,,,,,,,,,,
,464.11133,-29.29054168,857.9358321,,,,,,,,,,,,,,,,,,,,,,,,
,472.65625,-20.74562168,430.380819,,,,,,,,,,,,,,,,,,,,,,,,
,472.7173,-20.68457168,427.8515057,,,,,,,,,,,,,,,,,,,,,,,,
,481.2622,-12.13967168,147.3716286,,,,,,,,,,,,,,,,,,,,,,,,
,481.2622,-12.13967168,147.3716286,,,,,,,,,,,,,,,,,,,,,,,,
,481.2622,-12.13967168,147.3716286,,,,,,,,,,,,,,,,,,,,,,,,
,472.65625,-20.74562168,430.380819,,,,,,,,,,,,,,,,,,,,,,,,
,464.11133,-29.29054168,857.9358321,,,,,,,,,,,,,,,,,,,,,,,,
,489.86816,-3.533711684,12.48711826,,,,,,,,,,,,,,,,,,,,,,,,
,464.0503,-29.35157168,861.5147603,,,,,,,,,,,,,,,,,,,,,,,,
,481.2622,-12.13967168,147.3716286,,,,,,,,,,,,,,,,,,,,,,,,
,481.32324,-12.07863168,145.8933433,,,,,,,,,,,,,,,,,,,,,,,,
,489.86816,-3.533711684,12.48711826,,,,,,,,,,,,,,,,,,,,,,,,
,489.80713,-3.594741684,12.92216777,,,,,,,,,,,,,,,,,,,,,,,,
,481.32324,-12.07863168,145.8933433,,,,,,,,,,,,,,,,,,,,,,,,
,498.4131,5.011228316,25.11240924,,,,,,,,,,,,,,,,,,,,,,,,
,481.2622,-12.13967168,147.3716286,,,,,,,,,,,,,,,,,,,,,,,,
,472.7173,-20.68457168,427.8515057,,,,,,,,,,,,,,,,,,,,,,,,
,464.0503,-29.35157168,861.5147603,,,,,,,,,,,,,,,,,,,,,,,,
,464.11133,-29.29054168,857.9358321,,,,,,,,,,,,,,,,,,,,,,,,
,472.65625,-20.74562168,430.380819,,,,,,,,,,,,,,,,,,,,,,,,
,464.11133,-29.29054168,857.9358321,,,,,,,,,,,,,,,,,,,,,,,,
,481.2622,-12.13967168,147.3716286,,,,,,,,,,,,,,,,,,,,,,,,
,472.65625,-20.74562168,430.380819,,,,,,,,,,,,,,,,,,,,,,,,
,481.2622,-12.13967168,147.3716286,,,,,,,,,,,,,,,,,,,,,,,,
,481.2622,-12.13967168,147.3716286,,,,,,,,,,,,,,,,,,,,,,,,
,481.32324,-12.07863168,145.8933433,,,,,,,,,,,,,,,,,,,,,,,,
,481.2622,-12.13967168,147.3716286,,,,,,,,,,,,,,,,,,,,,,,,
,464.0503,-29.35157168,861.5147603,,,,,,,,,,,,,,,,,,,,,,,,
,472.7173,-20.68457168,427.8515057,,,,,,,,,,,,,,,,,,,,,,,,
,464.0503,-29.35157168,861.5147603,,,,,,,,,,,,,,,,,,,,,,,,
,481.2622,-12.13967168,147.3716286,,,,,,,,,,,,,,,,,,,,,,,,
,472.7173,-20.68457168,427.8515057,,,,,,,,,,,,,,,,,,,,,,,,
,472.65625,-20.74562168,430.380819,,,,,,,,,,,,,,,,,,,,,,,,
,489.86816,-3.533711684,12.48711826,,,,,,,,,,,,,,,,,,,,,,,,
,489.86816,-3.533711684,12.48711826,,,,,,,,,,,,,,,,,,,,,,,,
,464.0503,-29.35157168,861.5147603,,,,,,,,,,,,,,,,,,,,,,,,
,464.11133,-29.29054168,857.9358321,,,,,,,,,,,,,,,,,,,,,,,,
,464.0503,-29.35157168,861.5147603,,,,,,,,,,,,,,,,,,,,,,,,
,464.11133,-29.29054168,857.9358321,,,,,,,,,,,,,,,,,,,,,,,,
,429.6875,-63.71437168,4059.521159,,,,,,,,,,,,,,,,,,,,,,,,
,464.11133,-29.29054168,857.9358321,,,,,,,,,,,,,,,,,,,,,,,,
,472.65625,-20.74562168,430.380819,,,,,,,,,,,,,,,,,,,,,,,,
,455.50537,-37.89650168,1436.14484,,,,,,,,,,,,,,,,,,,,,,,,
,472.65625,-20.74562168,430.380819,,,,,,,,,,,,,,,,,,,,,,,,
,489.86816,-3.533711684,12.48711826,,,,,,,,,,,,,,,,,,,,,,,,
,472.65625,-20.74562168,430.380819,,,,,,,,,,,,,,,,,,,,,,,,
,472.7173,-20.68457168,427.8515057,,,,,,,,,,,,,,,,,,,,,,,,
,464.0503,-29.35157168,861.5147603,,,,,,,,,,,,,,,,,,,,,,,,
,464.11133,-29.29054168,857.9358321,,,,,,,,,,,,,,,,,,,,,,,,
,464.0503,-29.35157168,861.5147603,,,,,,,,,,,,,,,,,,,,,,,,
,446.8994,-46.50247168,2162.479873,,,,,,,,,,,,,,,,,,,,,,,,
,464.11133,-29.29054168,857.9358321,,,,,,,,,,,,,,,,,,,,,,,,
,464.0503,-29.35157168,861.5147603,,,,,,,,,,,,,,,,,,,,,,,,
,472.7173,-20.68457168,427.8515057,,,,,,,,,,,,,,,,,,,,,,,,
,472.65625,-20.74562168,430.380819,,,,,,,,,,,,,,,,,,,,,,,,
,472.65625,-20.74562168,430.380819,,,,,,,,,,,,,,,,,,,,,,,,
,481.2622,-12.13967168,147.3716286,,,,,,,,,,,,,,,,,,,,,,,,
,464.11133,-29.29054168,857.9358321,,,,,,,,,,,,,,,,,,,,,,,,
,455.50537,-37.89650168,1436.14484,,,,,,,,,,,,,,,,,,,,,,,,
,455.44434,-37.95753168,1440.774212,,,,,,,,,,,,,,,,,,,,,,,,
,438.3545,-55.04737168,3030.213129,,,,,,,,,,,,,,,,,,,,,,,,
,446.83838,-46.56349168,2168.158758,,,,,,,,,,,,,,,,,,,,,,,,
,472.7173,-20.68457168,427.8515057,,,,,,,,,,,,,,,,,,,,,,,,
,481.2622,-12.13967168,147.3716286,,,,,,,,,,,,,,,,,,,,,,,,
,464.0503,-29.35157168,861.5147603,,,,,,,,,,,,,,,,,,,,,,,,
,481.32324,-12.07863168,145.8933433,,,,,,,,,,,,,,,,,,,,,,,,
,498.4131,5.011228316,25.11240924,,,,,,,,,,,,,,,,,,,,,,,,
,481.32324,-12.07863168,145.8933433,,,,,,,,,,,,,,,,,,,,,,,,
,472.65625,-20.74562168,430.380819,,,,,,,,,,,,,,,,,,,,,,,,
,464.0503,-29.35157168,861.5147603,,,,,,,,,,,,,,,,,,,,,,,,
,455.50537,-37.89650168,1436.14484,,,,,,,,,,,,,,,,,,,,,,,,
,446.8994,-46.50247168,2162.479873,,,,,,,,,,,,,,,,,,,,,,,,
,446.8994,-46.50247168,2162.479873,,,,,,,,,,,,,,,,,,,,,,,,
,455.50537,-37.89650168,1436.14484,,,,,,,,,,,,,,,,,,,,,,,,
,464.0503,-29.35157168,861.5147603,,,,,,,,,,,,,,,,,,,,,,,,
,472.65625,-20.74562168,430.380819,,,,,,,,,,,,,,,,,,,,,,,,
,464.11133,-29.29054168,857.9358321,,,,,,,,,,,,,,,,,,,,,,,,
,481.2622,-12.13967168,147.3716286,,,,,,,,,,,,,,,,,,,,,,,,
,472.65625,-20.74562168,430.380819,,,,,,,,,,,,,,,,,,,,,,,,
,464.11133,-29.29054168,857.9358321,,,,,,,,,,,,,,,,,,,,,,,,
,455.50537,-37.89650168,1436.14484,,,,,,,,,,,,,,,,,,,,,,,,
,464.0503,-29.35157168,861.5147603,,,,,,,,,,,,,,,,,,,,,,,,
,455.50537,-37.89650168,1436.14484,,,,,,,,,,,,,,,,,,,,,,,,
,464.11133,-29.29054168,857.9358321,,,,,,,,,,,,,,,,,,,,,,,,
,472.65625,-20.74562168,430.380819,,,,,,,,,,,,,,,,,,,,,,,,
,472.65625,-20.74562168,430.380819,,,,,,,,,,,,,,,,,,,,,,,,
,489.86816,-3.533711684,12.48711826,,,,,,,,,,,,,,,,,,,,,,,,
,481.2622,-12.13967168,147.3716286,,,,,,,,,,,,,,,,,,,,,,,,
,472.7173,-20.68457168,427.8515057,,,,,,,,,,,,,,,,,,,,,,,,
,455.44434,-37.95753168,1440.774212,,,,,,,,,,,,,,,,,,,,,,,,
,464.11133,-29.29054168,857.9358321,,,,,,,,,,,,,,,,,,,,,,,,
,446.8994,-46.50247168,2162.479873,,,,,,,,,,,,,,,,,,,,,,,,
,438.29346,-55.10841168,3036.937038,,,,,,,,,,,,,,,,,,,,,,,,
,446.8994,-46.50247168,2162.479873,,,,,,,,,,,,,,,,,,,,,,,,
,438.29346,-55.10841168,3036.937038,,,,,,,,,,,,,,,,,,,,,,,,
,472.65625,-20.74562168,430.380819,,,,,,,,,,,,,,,,,,,,,,,,
,481.2622,-12.13967168,147.3716286,,,,,,,,,,,,,,,,,,,,,,,,
,472.7173,-20.68457168,427.8515057,,,,,,,,,,,,,,,,,,,,,,,,
,455.44434,-37.95753168,1440.774212,,,,,,,,,,,,,,,,,,,,,,,,
,464.11133,-29.29054168,857.9358321,,,,,,,,,,,,,,,,,,,,,,,,
,472.65625,-20.74562168,430.380819,,,,,,,,,,,,,,,,,,,,,,,,
,472.7173,-20.68457168,427.8515057,,,,,,,,,,,,,,,,,,,,,,,,
,464.0503,-29.35157168,861.5147603,,,,,,,,,,,,,,,,,,,,,,,,
,464.11133,-29.29054168,857.9358321,,,,,,,,,,,,,,,,,,,,,,,,
,472.65625,-20.74562168,430.380819,,,,,,,,,,,,,,,,,,,,,,,,
,472.65625,-20.74562168,430.380819,,,,,,,,,,,,,,,,,,,,,,,,
,481.2622,-12.13967168,147.3716286,,,,,,,,,,,,,,,,,,,,,,,,
,446.8994,-46.50247168,2162.479873,,,,,,,,,,,,,,,,,,,,,,,,
,455.50537,-37.89650168,1436.14484,,,,,,,,,,,,,,,,,,,,,,,,
,464.11133,-29.29054168,857.9358321,,,,,,,,,,,,,,,,,,,,,,,,
,446.8994,-46.50247168,2162.479873,,,,,,,,,,,,,,,,,,,,,,,,
,446.83838,-46.56349168,2168.158758,,,,,,,,,,,,,,,,,,,,,,,,
,464.11133,-29.29054168,857.9358321,,,,,,,,,,,,,,,,,,,,,,,,
,446.8994,-46.50247168,2162.479873,,,,,,,,,,,,,,,,,,,,,,,,
,464.0503,-29.35157168,861.5147603,,,,,,,,,,,,,,,,,,,,,,,,
,472.7173,-20.68457168,427.8515057,,,,,,,,,,,,,,,,,,,,,,,,
,464.0503,-29.35157168,861.5147603,,,,,,,,,,,,,,,,,,,,,,,,
,472.7173,-20.68457168,427.8515057,,,,,,,,,,,,,,,,,,,,,,,,
,464.0503,-29.35157168,861.5147603,,,,,,,,,,,,,,,,,,,,,,,,
,472.7173,-20.68457168,427.8515057,,,,,,,,,,,,,,,,,,,,,,,,
,472.65625,-20.74562168,430.380819,,,,,,,,,,,,,,,,,,,,,,,,
,455.50537,-37.89650168,1436.14484,,,,,,,,,,,,,,,,,,,,,,,,
,464.0503,-29.35157168,861.5147603,,,,,,,,,,,,,,,,,,,,,,,,
,472.65625,-20.74562168,430.380819,,,,,,,,,,,,,,,,,,,,,,,,
,455.50537,-37.89650168,1436.14484,,,,,,,,,,,,,,,,,,,,,,,,
,464.11133,-29.29054168,857.9358321,,,,,,,,,,,,,,,,,,,,,,,,
,464.0503,-29.35157168,861.5147603,,,,,,,,,,,,,,,,,,,,,,,,
,446.8994,-46.50247168,2162.479873,,,,,,,,,,,,,,,,,,,,,,,,
,455.50537,-37.89650168,1436.14484,,,,,,,,,,,,,,,,,,,,,,,,
,464.0503,-29.35157168,861.5147603,,,,,,,,,,,,,,,,,,,,,,,,
,472.7173,-20.68457168,427.8515057,,,,,,,,,,,,,,,,,,,,,,,,
,446.8994,-46.50247168,2162.479873,,,,,,,,,,,,,,,,,,,,,,,,
,446.8994,-46.50247168,2162.479873,,,,,,,,,,,,,,,,,,,,,,,,
,464.0503,-29.35157168,861.5147603,,,,,,,,,,,,,,,,,,,,,,,,
,455.50537,-37.89650168,1436.14484,,,,,,,,,,,,,,,,,,,,,,,,
,438.29346,-55.10841168,3036.937038,,,,,,,,,,,,,,,,,,,,,,,,
,438.29346,-55.10841168,3036.937038,,,,,,,,,,,,,,,,,,,,,,,,
,464.11133,-29.29054168,857.9358321,,,,,,,,,,,,,,,,,,,,,,,,
,489.80713,-3.594741684,12.92216777,,,,,,,,,,,,,,,,,,,,,,,,
,498.47412,5.072248316,25.72770298,,,,,,,,,,,,,,,,,,,,,,,,
,489.86816,-3.533711684,12.48711826,,,,,,,,,,,,,,,,,,,,,,,,
,472.7173,-20.68457168,427.8515057,,,,,,,,,,,,,,,,,,,,,,,,
,481.2622,-12.13967168,147.3716286,,,,,,,,,,,,,,,,,,,,,,,,
,489.86816,-3.533711684,12.48711826,,,,,,,,,,,,,,,,,,,,,,,,
,472.65625,-20.74562168,430.380819,,,,,,,,,,,,,,,,,,,,,,,,
,472.65625,-20.74562168,430.380819,,,,,,,,,,,,,,,,,,,,,,,,
,472.7173,-20.68457168,427.8515057,,,,,,,,,,,,,,,,,,,,,,,,
,498.4131,5.011228316,25.11240924,,,,,,,,,,,,,,,,,,,,,,,,
,472.7173,-20.68457168,427.8515057,,,,,,,,,,,,,,,,,,,,,,,,
,464.0503,-29.35157168,861.5147603,,,,,,,,,,,,,,,,,,,,,,,,
,472.7173,-20.68457168,427.8515057,,,,,,,,,,,,,,,,,,,,,,,,
,481.2622,-12.13967168,147.3716286,,,,,,,,,,,,,,,,,,,,,,,,
,464.0503,-29.35157168,861.5147603,,,,,,,,,,,,,,,,,,,,,,,,
,472.7173,-20.68457168,427.8515057,,,,,,,,,,,,,,,,,,,,,,,,
,464.0503,-29.35157168,861.5147603,,,,,,,,,,,,,,,,,,,,,,,,
,472.65625,-20.74562168,430.380819,,,,,,,,,,,,,,,,,,,,,,,,
,472.7173,-20.68457168,427.8515057,,,,,,,,,,,,,,,,,,,,,,,,
,489.86816,-3.533711684,12.48711826,,,,,,,,,,,,,,,,,,,,,,,,
,472.65625,-20.74562168,430.380819,,,,,,,,,,,,,,,,,,,,,,,,
,481.2622,-12.13967168,147.3716286,,,,,,,,,,,,,,,,,,,,,,,,
,489.86816,-3.533711684,12.48711826,,,,,,,,,,,,,,,,,,,,,,,,
,472.65625,-20.74562168,430.380819,,,,,,,,,,,,,,,,,,,,,,,,
,472.7173,-20.68457168,427.8515057,,,,,,,,,,,,,,,,,,,,,,,,
,472.65625,-20.74562168,430.380819,,,,,,,,,,,,,,,,,,,,,,,,
,472.65625,-20.74562168,430.380819,,,,,,,,,,,,,,,,,,,,,,,,
,472.7173,-20.68457168,427.8515057,,,,,,,,,,,,,,,,,,,,,,,,
,472.65625,-20.74562168,430.380819,,,,,,,,,,,,,,,,,,,,,,,,
,481.2622,-12.13967168,147.3716286,,,,,,,,,,,,,,,,,,,,,,,,
,472.7173,-20.68457168,427.8515057,,,,,,,,,,,,,,,,,,,,,,,,
,455.44434,-37.95753168,1440.774212,,,,,,,,,,,,,,,,,,,,,,,,
,472.7173,-20.68457168,427.8515057,,,,,,,,,,,,,,,,,,,,,,,,
,472.65625,-20.74562168,430.380819,,,,,,,,,,,,,,,,,,,,,,,,
,455.50537,-37.89650168,1436.14484,,,,,,,,,,,,,,,,,,,,,,,,
,455.44434,-37.95753168,1440.774212,,,,,,,,,,,,,,,,,,,,,,,,
,455.50537,-37.89650168,1436.14484,,,,,,,,,,,,,,,,,,,,,,,,
,446.8994,-46.50247168,2162.479873,,,,,,,,,,,,,,,,,,,,,,,,
,464.11133,-29.29054168,857.9358321,,,,,,,,,,,,,,,,,,,,,,,,
,472.65625,-20.74562168,430.380819,,,,,,,,,,,,,,,,,,,,,,,,
,464.0503,-29.35157168,861.5147603,,,,,,,,,,,,,,,,,,,,,,,,
,472.7173,-20.68457168,427.8515057,,,,,,,,,,,,,,,,,,,,,,,,
,489.86816,-3.533711684,12.48711826,,,,,,,,,,,,,,,,,,,,,,,,
,472.65625,-20.74562168,430.380819,,,,,,,,,,,,,,,,,,,,,,,,
,446.8994,-46.50247168,2162.479873,,,,,,,,,,,,,,,,,,,,,,,,
,455.50537,-37.89650168,1436.14484,,,,,,,,,,,,,,,,,,,,,,,,
,464.0503,-29.35157168,861.5147603,,,,,,,,,,,,,,,,,,,,,,,,
,438.29346,-55.10841168,3036.937038,,,,,,,,,,,,,,,,,,,,,,,,
,438.29346,-55.10841168,3036.937038,,,,,,,,,,,,,,,,,,,,,,,,
,446.8994,-46.50247168,2162.479873,,,,,,,,,,,,,,,,,,,,,,,,
,446.8994,-46.50247168,2162.479873,,,,,,,,,,,,,,,,,,,,,,,,
,472.7173,-20.68457168,427.8515057,,,,,,,,,,,,,,,,,,,,,,,,
,464.0503,-29.35157168,861.5147603,,,,,,,,,,,,,,,,,,,,,,,,
,464.11133,-29.29054168,857.9358321,,,,,,,,,,,,,,,,,,,,,,,,
,455.44434,-37.95753168,1440.774212,,,,,,,,,,,,,,,,,,,,,,,,
,446.8994,-46.50247168,2162.479873,,,,,,,,,,,,,,,,,,,,,,,,
,438.29346,-55.10841168,3036.937038,,,,,,,,,,,,,,,,,,,,,,,,
,446.8994,-46.50247168,2162.479873,,,,,,,,,,,,,,,,,,,,,,,,
,438.29346,-55.10841168,3036.937038,,,,,,,,,,,,,,,,,,,,,,,,
,429.74854,-63.65333168,4051.746634,,,,,,,,,,,,,,,,,,,,,,,,
,455.44434,-37.95753168,1440.774212,,,,,,,,,,,,,,,,,,,,,,,,
,464.11133,-29.29054168,857.9358321,,,,,,,,,,,,,,,,,,,,,,,,
,464.0503,-29.35157168,861.5147603,,,,,,,,,,,,,,,,,,,,,,,,
,472.7173,-20.68457168,427.8515057,,,,,,,,,,,,,,,,,,,,,,,,
,472.65625,-20.74562168,430.380819,,,,,,,,,,,,,,,,,,,,,,,,
,464.11133,-29.29054168,857.9358321,,,,,,,,,,,,,,,,,,,,,,,,
,446.8994,-46.50247168,2162.479873,,,,,,,,,,,,,,,,,,,,,,,,
,438.29346,-55.10841168,3036.937038,,,,,,,,,,,,,,,,,,,,,,,,
,429.6875,-63.71437168,4059.521159,,,,,,,,,,,,,,,,,,,,,,,,
,438.29346,-55.10841168,3036.937038,,,,,,,,,,,,,,,,,,,,,,,,
